SSC,FLT,ORG,DES,STD,STA,FLO,MON,TUE,WED,THU,FRI,SAT,SUN,FSD,FED,IRR
S19,A1915,ARP1,ARP3,7:55,9:05,A,Y,Y,Y,Y,Y,Y,Y,20190331,20191026,N
S19,A1904,ARP3,ARP1,7:55,9:05,A,Y,Y,Y,Y,Y,Y,Y,20190331,20191026,N
S19,I1304,ARP3,ARP1,8:00,9:15,I,Y,,Y,Y,Y,,Y,20190331,20191026,N
S19,B1802,ARP2,ARP1,8:00,8:55,B,Y,Y,Y,Y,Y,Y,Y,20190331,20191026,N
S19,J1106,ARP1,ARP2,8:00,9:05,J,,Y,Y,,Y,Y,,20190730,20190824,N
S19,J1106,ARP1,ARP2,8:00,9:05,J,,Y,Y,Y,Y,Y,Y,20190331,20190728,N
S19,J1106,ARP1,ARP2,8:00,9:05,J,Y,,,Y,,,,20190902,20191017,N
S19,J1106,ARP1,ARP2,8:00,9:05,J,,Y,Y,,Y,Y,Y,20190827,20191020,N
S19,J1106,ARP1,ARP2,8:00,9:05,J,Y,,,,,,,20190401,20190722,N
S19,J1106,ARP1,ARP2,8:00,9:05,J,Y,,,Y,,,Y,20190729,20190829,N
S19,J1208,ARP1,ARP3,8:00,9:10,J,Y,Y,Y,Y,Y,Y,Y,20190331,20191026,N
S19,I1304,ARP3,ARP1,8:05,9:15,I,,Y,,,,,,20190331,20191026,N
S19,J1209,ARP3,ARP1,8:10,9:20,J,,,,,,Y,Y,20190406,20191026,N
S19,F1207,ARP1,ARP3,8:10,9:20,F,Y,Y,Y,Y,Y,Y,Y,20190331,20191026,N
S19,J1222,ARP1,ARP3,11:20,12:30,J,,,,Y,,Y,,20190808,20191026,N
S19,J1222,ARP1,ARP3,11:20,12:30,J,,Y,,,,,,20190813,20191022,N
S19,J1222,ARP1,ARP3,11:20,12:30,J,,,,,,Y,,20190504,20190803,N
S19,J1222,ARP1,ARP3,11:25,12:35,J,,,,,Y,,,20190802,20191025,N
S19,J1222,ARP1,ARP3,11:25,12:35,J,,,,,Y,,,20190405,20190726,N
S19,B1029,ARP1,ARP3,11:25,12:30,B,Y,Y,Y,Y,Y,Y,Y,20190331,20191026,N
S19,B1811,ARP1,ARP2,11:30,12:25,B,Y,Y,Y,Y,Y,Y,Y,20190331,20191026,N
S19,F1210,ARP3,ARP1,11:35,12:45,F,Y,Y,Y,Y,Y,Y,Y,20190331,20191026,N
S19,H1113,ARP1,ARP3,11:35,12:30,H,Y,Y,Y,Y,Y,Y,Y,20190331,20191026,N
S19,J1221,ARP3,ARP1,11:40,12:50,J,Y,Y,Y,Y,Y,Y,Y,20190331,20191026,N
S19,J1111,ARP2,ARP1,11:40,12:40,J,,,,,,,Y,20190331,20191020,N
S19,H1112,ARP3,ARP1,11:40,12:50,H,Y,Y,Y,Y,Y,Y,Y,20190331,20191026,N
S19,J1111,ARP2,ARP1,11:40,12:40,J,Y,Y,Y,Y,Y,Y,,20190401,20191026,N
S19,I1314,ARP3,ARP1,11:45,13:00,I,Y,Y,Y,Y,Y,Y,Y,20190331,20191026,N
S19,L1713,ARP1,ARP3,11:45,12:55,L,Y,Y,Y,Y,Y,Y,Y,20190331,20191026,N
S19,F1213,ARP1,ARP3,11:50,13:00,F,Y,Y,Y,Y,Y,Y,Y,20190331,20191026,N
S19,A1943,ARP1,ARP3,11:50,13:05,A,Y,Y,Y,Y,Y,Y,Y,20190331,20191026,N
S19,J1224,ARP1,ARP3,11:50,13:00,J,,,Y,,,Y,,20190403,20191026,N
S19,J1224,ARP1,ARP3,11:55,13:05,J,Y,,,,,,,20190429,20191021,N
S19,J1251,ARP3,ARP1,18:05,19:15,J,,,,,,Y,Y,20190525,20190728,N
S19,J1251,ARP3,ARP1,18:05,19:15,J,,Y,Y,Y,Y,,,20190702,20190726,N
S19,J1251,ARP3,ARP1,18:05,19:15,J,,Y,Y,Y,,,Y,20190730,20190804,N
S19,J1251,ARP3,ARP1,18:05,19:15,J,,Y,Y,,Y,Y,,20190802,20191019,N
S19,F1224,ARP3,ARP1,18:05,19:10,F,Y,Y,Y,Y,Y,Y,Y,20190331,20191026,N
S19,F1227,ARP1,ARP3,18:10,19:20,F,Y,Y,Y,Y,Y,Y,Y,20190331,20191026,N
S19,B1015,ARP1,ARP3,18:10,19:20,B,Y,Y,Y,Y,Y,Y,Y,20190331,20191026,N
S19,L1731,ARP1,ARP3,18:10,19:20,L,Y,Y,Y,Y,Y,Y,Y,20190331,20191026,N
S19,J1255,ARP3,ARP1,18:15,19:25,J,,,Y,,Y,,Y,20190904,20191025,N
S19,J1255,ARP3,ARP1,18:15,19:25,J,Y,Y,,Y,,Y,,20190902,20191026,N
S19,J1255,ARP3,ARP1,18:15,19:25,J,,Y,Y,,Y,,Y,20190521,20190901,N
S19,H1127,ARP1,ARP3,18:15,19:25,H,Y,Y,Y,Y,Y,Y,Y,20190331,20191026,N
S19,J1255,ARP3,ARP1,18:15,19:25,J,Y,,,Y,,Y,,20190520,20190831,N
S19,J1258,ARP1,ARP3,18:20,19:30,J,Y,,,,,,,20190401,20191021,N
S19,F1202,ARP3,ARP1,8:10,9:15,F,Y,Y,Y,Y,Y,Y,Y,20190331,20191026,N
S19,I1306,ARP3,ARP1,8:15,9:30,I,Y,Y,Y,Y,Y,Y,Y,20190610,20191026,N
S19,L1705,ARP1,ARP3,8:15,9:25,L,Y,Y,Y,Y,Y,Y,Y,20190331,20191026,N
S19,A1921,ARP1,ARP3,8:20,9:35,A,Y,Y,Y,Y,Y,Y,Y,20190331,20191026,N
S19,A1906,ARP3,ARP1,8:20,9:30,A,Y,Y,Y,Y,Y,Y,Y,20190331,20191026,N
S19,J1635,ARP12,ARP1,8:25,9:25,J,Y,Y,Y,Y,Y,Y,Y,20190331,20191026,N
S19,J1210,ARP1,ARP3,8:30,9:40,J,,,Y,,,,Y,20190403,20190731,N
S19,J1210,ARP1,ARP3,8:30,9:40,J,,,Y,,,,,20190807,20190821,N
S19,J1210,ARP1,ARP3,8:30,9:40,J,,,Y,,,,Y,20190828,20191023,N
S19,J1210,ARP1,ARP3,8:30,9:40,J,,,,,Y,Y,Y,20190802,20190831,N
S19,J1210,ARP1,ARP3,8:30,9:40,J,,,,,Y,Y,,20190405,20190727,N
S19,B1805,ARP1,ARP2,8:30,9:25,B,Y,Y,Y,Y,Y,Y,,20190331,20191026,N
S19,A1925,ARP1,ARP3,8:30,9:40,A,Y,Y,Y,Y,Y,Y,Y,20190331,20191026,N
S19,F1204,ARP3,ARP1,8:30,9:40,F,Y,Y,Y,Y,Y,Y,Y,20190331,20191026,N
S19,J1210,ARP1,ARP3,8:30,9:40,J,,,,,Y,Y,,20190906,20191026,N
S19,J1334,ARP1,ARP9,8:40,9:40,J,,,,Y,,Y,,20190801,20190831,N
S19,J1334,ARP1,ARP9,8:40,9:40,J,,,,,,Y,,20190504,20190727,N
S19,J1334,ARP1,ARP9,8:40,9:40,J,Y,Y,Y,Y,,,,20190429,20190731,N
S19,J1114,ARP1,ARP2,12:00,13:05,J,Y,,,,,Y,,20190401,20190727,N
S19,J1223,ARP3,ARP1,12:00,13:10,J,,Y,Y,Y,,Y,Y,20190331,20190804,N
S19,J1114,ARP1,ARP2,12:00,13:05,J,,Y,Y,,Y,,,20190730,20191023,N
S19,J1114,ARP1,ARP2,12:00,13:05,J,,Y,Y,Y,Y,,,20190402,20190726,N
S19,J1223,ARP3,ARP1,12:00,13:10,J,Y,Y,Y,Y,,Y,Y,20190805,20191026,N
S19,J1114,ARP1,ARP2,12:00,13:05,J,Y,,,Y,,Y,,20190729,20191019,N
S19,H1114,ARP3,ARP1,12:05,13:15,H,Y,Y,Y,Y,Y,Y,Y,20190331,20191026,N
S19,J1607,ARP5,ARP1,12:10,13:10,J,Y,Y,Y,Y,Y,Y,Y,20190331,20191026,N
S19,A1922,ARP3,ARP1,12:10,13:20,A,Y,Y,Y,Y,Y,Y,Y,20190331,20191026,N
S19,H1115,ARP1,ARP3,12:15,13:35,H,Y,Y,Y,Y,Y,Y,Y,20190331,20191026,N
S19,J1226,ARP1,ARP3,12:20,13:30,J,Y,Y,Y,Y,Y,Y,Y,20190331,20191026,N
S19,H1154,ARP3,ARP1,12:20,13:30,H,Y,Y,Y,Y,Y,Y,Y,20190615,20190712,N
S19,H1154,ARP3,ARP1,12:20,13:30,H,Y,Y,Y,Y,Y,Y,Y,20190714,20190920,N
S19,H1154,ARP3,ARP1,12:20,13:30,H,Y,Y,Y,Y,Y,Y,Y,20190922,20190922,N
S19,H1154,ARP3,ARP1,12:20,13:30,H,Y,Y,Y,Y,Y,Y,Y,20190924,20191011,N
S19,A1947,ARP1,ARP3,12:20,13:35,A,Y,Y,Y,Y,Y,Y,Y,20190331,20191026,N
S19,J1228,ARP1,ARP3,12:30,13:40,J,,,,,Y,,Y,20190331,20191025,N
S19,I1316,ARP3,ARP1,12:30,13:45,I,Y,Y,Y,Y,Y,Y,Y,20190610,20191026,N
S19,B1023,ARP1,ARP3,18:20,19:30,B,,Y,,,Y,,,20190331,20191026,N
S19,J1258,ARP1,ARP3,18:20,19:30,J,,Y,Y,Y,Y,Y,Y,20190331,20191026,N
S19,J1636,ARP1,ARP12,18:20,19:20,J,,,,,Y,,Y,20190331,20191025,N
S19,A1981,ARP1,ARP3,18:25,19:35,A,Y,Y,Y,Y,Y,Y,Y,20190331,20191026,N
S19,F1226,ARP3,ARP1,18:25,19:35,F,Y,Y,Y,Y,Y,Y,Y,20190331,20191026,N
S19,J1611,ARP5,ARP1,18:25,19:25,J,,,,,,Y,Y,20190331,20191026,N
S19,L1733,ARP1,ARP3,18:25,19:35,L,Y,,Y,,Y,,Y,20190331,20191026,N
S19,J1636,ARP1,ARP12,18:30,19:30,J,Y,Y,Y,Y,,Y,,20190520,20190727,N
S19,J1636,ARP1,ARP12,18:30,19:30,J,Y,Y,Y,,,Y,,20190729,20190803,N
S19,J1636,ARP1,ARP12,18:30,19:30,J,,,,Y,,,,20190801,20190801,N
S19,J1636,ARP1,ARP12,18:30,19:30,J,Y,Y,Y,Y,,Y,,20190805,20191026,N
S19,B1825,ARP1,ARP2,18:30,19:25,B,Y,Y,Y,Y,Y,Y,Y,20190331,20191026,N
S19,F1229,ARP1,ARP3,18:35,19:45,F,Y,Y,Y,Y,Y,Y,Y,20190331,20191026,N
S19,J1105,ARP2,ARP1,8:40,9:40,J,Y,Y,Y,Y,Y,Y,Y,20190805,20191026,N
S19,J1105,ARP2,ARP1,8:40,9:40,J,,,,Y,,,,20190801,20190801,N
S19,J1105,ARP2,ARP1,8:40,9:40,J,Y,Y,Y,Y,Y,Y,Y,20190331,20190728,N
S19,J1334,ARP1,ARP9,8:40,9:40,J,,,,,,Y,,20190907,20191026,N
S19,J1105,ARP2,ARP1,8:40,9:40,J,Y,Y,Y,,Y,Y,Y,20190729,20190804,N
S19,J1334,ARP1,ARP9,8:40,9:40,J,Y,Y,Y,Y,,,,20190902,20191024,N
S19,J1334,ARP1,ARP9,8:40,9:40,J,Y,Y,Y,,,,,20190805,20190828,N
S19,A1912,ARP3,ARP1,8:45,9:55,A,Y,Y,Y,Y,Y,Y,Y,20190331,20191026,N
S19,I1307,ARP1,ARP3,8:45,9:55,I,Y,Y,Y,Y,Y,Y,Y,20190901,20191026,N
S19,J1605,ARP5,ARP1,8:50,9:50,J,Y,Y,Y,Y,Y,Y,Y,20190729,20190901,N
S19,J1605,ARP5,ARP1,8:50,9:50,J,,Y,,,Y,,,20190521,20190730,N
S19,J1534,ARP1,ARP11,8:50,9:45,J,,,,,,,Y,20190804,20191020,N
S19,F1206,ARP3,ARP1,8:50,10:00,F,Y,Y,Y,Y,Y,Y,Y,20190331,20191026,N
S19,J1605,ARP5,ARP1,8:50,9:50,J,Y,,Y,Y,,Y,Y,20190520,20190728,N
S19,B1025,ARP1,ARP3,8:50,10:00,B,,Y,,,Y,,,20190331,20191026,N
S19,J1534,ARP1,ARP11,8:50,9:45,J,,,,,,Y,Y,20190331,20190724,N
S19,J1605,ARP5,ARP1,8:50,9:50,J,,Y,,,,,,20190806,20190827,N
S19,J1605,ARP5,ARP1,8:50,9:50,J,Y,,Y,Y,,Y,Y,20190902,20191026,N
S19,B1813,ARP1,ARP2,12:30,13:25,B,Y,Y,Y,Y,Y,Y,Y,20190331,20191026,N
S19,A1733,ARP1,ARP9,12:35,13:30,A,Y,Y,Y,Y,Y,Y,Y,20190331,20191026,N
S19,A1924,ARP3,ARP1,12:35,13:45,A,Y,Y,Y,Y,Y,Y,Y,20190331,20191026,N
S19,B1892,ARP5,ARP1,12:35,13:35,B,Y,Y,Y,Y,Y,Y,Y,20190331,20191026,N
S19,J1113,ARP2,ARP1,12:40,13:40,J,Y,Y,Y,,Y,Y,Y,20190729,20190804,N
S19,J1113,ARP2,ARP1,12:40,13:40,J,Y,Y,Y,Y,Y,Y,Y,20190331,20190728,N
S19,H1117,ARP1,ARP3,12:40,13:50,H,Y,Y,Y,Y,Y,Y,Y,20190331,20191026,N
S19,J1113,ARP2,ARP1,12:40,13:40,J,,,,Y,,,,20190801,20190801,N
S19,J1113,ARP2,ARP1,12:40,13:40,J,Y,Y,Y,Y,Y,Y,Y,20190805,20191026,N
S19,A1407,ARP1,ARP3,12:45,13:55,A,,,,,,,Y,20190428,20191026,N
S19,F1212,ARP3,ARP1,12:45,13:55,F,Y,Y,Y,Y,Y,Y,Y,20190331,20191026,N
S19,J1230,ARP1,ARP3,12:50,14:00,J,,,,,,,Y,20190407,20191020,N
S19,J1225,ARP3,ARP1,12:50,14:00,J,Y,Y,Y,Y,,,,20190805,20191017,N
S19,L1715,ARP1,ARP3,12:50,14:00,L,Y,Y,Y,Y,Y,Y,Y,20190331,20191026,N
S19,J1225,ARP3,ARP1,12:50,14:00,J,Y,Y,Y,Y,,Y,Y,20190520,20190801,N
S19,J1225,ARP3,ARP1,12:50,14:00,J,,,,,Y,,,20190524,20190726,N
S19,J1225,ARP3,ARP1,12:50,14:00,J,,,,,Y,Y,Y,20190802,20191020,N
S19,F1215,ARP1,ARP3,12:55,14:05,F,Y,Y,Y,Y,Y,Y,Y,20190331,20191026,N
S19,F1214,ARP3,ARP1,13:00,14:05,F,Y,Y,Y,Y,Y,Y,Y,20190331,20191026,N
S19,J1116,ARP1,ARP2,13:00,14:05,J,,,,Y,,,,20190523,20190725,N
S19,J1116,ARP1,ARP2,13:00,14:05,J,,,,Y,Y,,Y,20190905,20191025,N
S19,J1116,ARP1,ARP2,13:00,14:05,J,Y,Y,Y,,,Y,,20190902,20191026,N
S19,J1116,ARP1,ARP2,13:00,14:05,J,,,,,Y,,Y,20190809,20190901,N
S19,J1116,ARP1,ARP2,13:00,14:05,J,Y,Y,Y,Y,,Y,,20190805,20190831,N
S19,J1116,ARP1,ARP2,13:00,14:05,J,,,,Y,Y,,Y,20190801,20190804,N
S19,J1116,ARP1,ARP2,13:00,14:05,J,Y,Y,Y,,,Y,,20190729,20190803,N
S19,A1408,ARP3,ARP1,13:00,14:05,A,Y,,,,,,,20190428,20191026,N
S19,J1227,ARP3,ARP1,13:00,14:10,J,,,,,,Y,,20190406,20191026,N
S19,B1812,ARP2,ARP1,13:00,13:55,B,Y,Y,Y,Y,Y,Y,Y,20190331,20191026,N
S19,J1227,ARP3,ARP1,13:00,14:10,J,,,,Y,,,,20190404,20191024,N
S19,J1116,ARP1,ARP2,13:00,14:05,J,Y,Y,Y,,Y,Y,Y,20190520,20190728,N
S19,J1227,ARP3,ARP1,13:05,14:15,J,,,,,Y,,,20190405,20190726,N
S19,I1318,ARP3,ARP1,13:05,14:20,I,Y,Y,Y,Y,Y,Y,Y,20190331,20191026,N
S19,J1227,ARP3,ARP1,13:05,14:15,J,,,,,Y,,,20190802,20191025,N
S19,B1028,ARP3,ARP1,13:10,14:20,B,Y,Y,Y,Y,Y,Y,Y,20190331,20191026,N
S19,A1932,ARP3,ARP1,13:10,14:20,A,Y,Y,Y,Y,Y,Y,Y,20190331,20191026,N
S19,J1232,ARP1,ARP3,13:10,14:20,J,Y,Y,Y,Y,Y,Y,Y,20190331,20191026,N
S19,F1217,ARP1,ARP3,13:15,14:25,F,Y,Y,Y,Y,Y,Y,Y,20190331,20191026,N
S19,H1143,ARP1,ARP3,13:15,14:25,H,Y,,Y,Y,Y,,Y,20190525,20191026,N
S19,J1234,ARP1,ARP3,13:20,14:30,J,,Y,Y,,Y,,,20190806,20190830,N
S19,J1234,ARP1,ARP3,13:20,14:30,J,Y,Y,Y,Y,Y,,,20190520,20190726,N
S19,J1234,ARP1,ARP3,13:20,14:30,J,Y,Y,Y,,Y,,,20190729,20190802,N
S19,J1234,ARP1,ARP3,13:20,14:30,J,Y,,,Y,,,,20190801,20190902,N
S19,J1234,ARP1,ARP3,13:20,14:30,J,,Y,Y,Y,Y,,,20190903,20191025,N
S19,L1717,ARP1,ARP3,13:20,14:30,L,Y,Y,Y,Y,Y,Y,Y,20190331,20191026,N
S19,J1234,ARP1,ARP3,13:20,14:30,J,Y,,,,,,,20190909,20191021,N
S19,J1229,ARP3,ARP1,13:25,14:35,J,,,,,Y,,,20190809,20191025,N
S19,F1257,ARP1,ARP3,13:25,14:35,F,,,Y,,,,,20190331,20191026,N
S19,J1229,ARP3,ARP1,13:25,14:35,J,,,,,Y,,Y,20190331,20190728,N
S19,J1229,ARP3,ARP1,13:25,14:35,J,,,Y,,,,,20190403,20190724,N
S19,J1229,ARP3,ARP1,13:25,14:35,J,,,Y,,,,Y,20190804,20191023,N
S19,J1229,ARP3,ARP1,13:25,14:35,J,,,Y,,Y,,,20190731,20190802,N
S19,H1116,ARP3,ARP1,13:25,14:35,H,Y,Y,Y,Y,Y,Y,Y,20190331,20191026,N
S19,L1719,ARP1,ARP3,13:25,14:35,L,,Y,,,,Y,,20190331,20191026,N
S19,J1234,ARP1,ARP3,13:25,14:35,J,,,,,,Y,,20190406,20191026,N
S19,H1119,ARP1,ARP3,13:30,14:45,H,Y,Y,Y,Y,Y,Y,Y,20190331,20191026,N
S19,F1216,ARP3,ARP1,13:30,14:40,F,Y,Y,Y,Y,Y,Y,Y,20190331,20191026,N
S19,I1319,ARP1,ARP3,13:35,14:50,I,Y,Y,Y,Y,Y,Y,Y,20190331,20191026,N
S19,I1312,ARP3,ARP1,13:35,14:45,I,Y,Y,Y,Y,Y,Y,Y,20190331,20191026,N
S19,J1115,ARP2,ARP1,13:40,14:40,J,Y,,,,,,Y,20190331,20190728,N
S19,J1115,ARP2,ARP1,13:40,14:40,J,,Y,Y,Y,Y,,,20190402,20190726,N
S19,J1236,ARP1,ARP3,13:40,14:50,J,,,,,Y,,Y,20190331,20191025,N
S19,J1115,ARP2,ARP1,13:40,14:40,J,Y,,,Y,,,Y,20190729,20191020,N
S19,J1115,ARP2,ARP1,13:40,14:40,J,,Y,Y,,Y,,,20190730,20191023,N
S19,I1320,ARP3,ARP1,13:40,14:50,I,,,,Y,,,,20190331,20191026,N
S19,I1320,ARP3,ARP1,13:45,15:00,I,Y,Y,Y,,Y,Y,Y,20190331,20191026,N
S19,J1229,ARP3,ARP1,13:45,14:55,J,Y,Y,,,,,,20190429,20190805,N
S19,J1229,ARP3,ARP1,13:45,14:55,J,,,,,,Y,,20190504,20190803,N
S19,J1229,ARP3,ARP1,13:45,14:55,J,,Y,,,,Y,,20190806,20191026,N
S19,J1229,ARP3,ARP1,13:45,14:55,J,Y,,,,,,,20190812,20191021,N
S19,A1936,ARP3,ARP1,13:50,15:00,A,Y,Y,Y,Y,Y,Y,Y,20190331,20191026,N
S19,J1608,ARP1,ARP5,13:50,14:50,J,Y,Y,Y,Y,Y,Y,Y,20190331,20191026,N
S19,J1238,ARP1,ARP3,13:50,15:00,J,Y,Y,Y,Y,Y,Y,Y,20190331,20191026,N
S19,B1814,ARP2,ARP1,14:00,14:55,B,Y,Y,Y,Y,Y,Y,Y,20190331,20191026,N
S19,A1951,ARP1,ARP3,14:00,15:10,A,Y,Y,Y,Y,Y,Y,Y,20190331,20191026,N
S19,H1118,ARP3,ARP1,14:00,15:10,H,Y,Y,Y,Y,Y,Y,Y,20190716,20191013,N
S19,H1118,ARP3,ARP1,14:00,15:10,H,Y,Y,Y,Y,Y,Y,Y,20190617,20190714,N
S19,J1118,ARP1,ARP2,14:00,15:05,J,Y,Y,Y,Y,Y,Y,,20190401,20191026,N
S19,J1118,ARP1,ARP2,14:00,15:05,J,,,,,,,Y,20190331,20191020,N
S19,J1231,ARP3,ARP1,14:00,15:10,J,,,,,Y,,,20190405,20191025,N
S19,J1231,ARP3,ARP1,14:00,15:10,J,,,Y,,,,,20190403,20191023,N
S19,L1721,ARP1,ARP3,14:05,15:15,L,,Y,,Y,,Y,,20190331,20191026,N
S19,A1734,ARP9,ARP1,14:05,15:00,A,Y,Y,Y,Y,Y,Y,Y,20190331,20191026,N
S19,A1953,ARP1,ARP3,14:05,15:10,A,Y,Y,Y,Y,Y,Y,Y,20190331,20191026,N
S19,A1944,ARP3,ARP1,14:10,15:20,A,Y,Y,Y,Y,Y,Y,Y,20190331,20191026,N
S19,B1893,ARP1,ARP5,14:15,15:15,B,Y,Y,Y,Y,Y,Y,Y,20190331,20191026,N
S19,J1240,ARP1,ARP3,14:20,15:30,J,,,,Y,,,,20190404,20190711,N
S19,A1948,ARP3,ARP1,14:20,15:30,A,Y,Y,Y,Y,Y,Y,Y,20190331,20191026,N
S19,J1240,ARP1,ARP3,14:20,15:30,J,,,,Y,,Y,,20190718,20191026,N
S19,A1957,ARP1,ARP3,14:25,15:30,A,Y,Y,Y,Y,Y,Y,Y,20190331,20191026,N
S19,B1817,ARP1,ARP2,14:30,15:25,B,Y,Y,Y,Y,Y,Y,Y,20190331,20191026,N
S19,J1233,ARP3,ARP1,14:30,15:40,J,Y,Y,Y,Y,Y,Y,Y,20190331,20191026,N
S19,F1219,ARP1,ARP3,14:35,15:45,F,Y,Y,Y,Y,Y,Y,Y,20190331,20191026,N
S19,L1723,ARP1,ARP3,14:35,15:45,L,Y,,Y,Y,Y,,Y,20190331,20191026,N
S19,A1409,ARP1,ARP3,14:35,15:40,A,Y,,,,,,,20190428,20191026,N
S19,J1240,ARP1,ARP3,14:35,15:45,J,,,,,,,Y,20190804,20191020,N
S19,J1240,ARP1,ARP3,14:35,15:45,J,,,,,,,Y,20190407,20190728,N
S19,J1117,ARP2,ARP1,14:40,15:40,J,Y,Y,Y,,Y,Y,Y,20190520,20190728,N
S19,I1321,ARP1,ARP3,14:40,15:55,I,Y,Y,Y,Y,Y,Y,Y,20190610,20191026,N
S19,J1117,ARP2,ARP1,14:40,15:40,J,,,,Y,Y,,Y,20190905,20191025,N
S19,J1128,ARP1,ARP2,19:00,20:05,J,,Y,Y,Y,,Y,Y,20190730,20190908,N
S19,J1128,ARP1,ARP2,19:00,20:05,J,,Y,Y,Y,,,Y,20190430,20190728,N
S19,J1128,ARP1,ARP2,19:00,20:05,J,Y,,,,Y,Y,,20190429,20190802,N
S19,H1146,ARP3,ARP1,18:40,19:50,H,Y,Y,Y,Y,Y,Y,Y,20190617,20190714,N
S19,J1611,ARP5,ARP1,18:50,19:50,J,Y,Y,Y,Y,Y,,,20190401,20191025,N
S19,J1260,ARP1,ARP3,18:50,20:00,J,Y,,,,,,,20190610,20191021,N
S19,J1260,ARP1,ARP3,18:50,20:00,J,,Y,Y,Y,Y,Y,Y,20190604,20191026,N
S19,L1735,ARP1,ARP3,18:50,20:00,L,Y,Y,Y,Y,Y,Y,Y,20190331,20191026,N
S19,J1337,ARP9,ARP1,18:50,19:50,J,Y,Y,Y,,,,,20190401,20191023,N
S19,A1985,ARP1,ARP3,18:55,20:05,A,Y,Y,Y,Y,Y,Y,Y,20190331,20191026,N
S19,J1128,ARP1,ARP2,19:00,20:05,J,Y,,,,Y,,,20190805,20190906,N
S19,B1824,ARP2,ARP1,19:00,19:55,B,Y,Y,Y,Y,Y,Y,Y,20190331,20191026,N
S19,A1980,ARP3,ARP1,19:00,20:10,A,Y,Y,Y,Y,Y,Y,Y,20190331,20191026,N
S19,J1128,ARP1,ARP2,19:00,20:05,J,Y,,,,Y,,,20190923,20191025,N
S19,J1128,ARP1,ARP2,19:00,20:05,J,,Y,Y,Y,,Y,Y,20190917,20191026,N
S19,J1128,ARP1,ARP2,19:00,20:05,J,,Y,Y,Y,,,Y,20190910,20190915,N
S19,J1128,ARP1,ARP2,19:00,20:05,J,Y,,,,Y,Y,,20190909,20190920,N
S19,J1117,ARP2,ARP1,14:40,15:40,J,Y,Y,Y,,,Y,,20190902,20191026,N
S19,J1117,ARP2,ARP1,14:40,15:40,J,,,,,Y,,Y,20190809,20190901,N
S19,J1117,ARP2,ARP1,14:40,15:40,J,Y,Y,Y,Y,,Y,,20190805,20190831,N
S19,H1121,ARP1,ARP3,14:40,15:50,H,Y,Y,Y,Y,Y,Y,Y,20190331,20191026,N
S19,J1117,ARP2,ARP1,14:40,15:40,J,,,,Y,Y,,Y,20190801,20190804,N
S19,J1117,ARP2,ARP1,14:40,15:40,J,,,,Y,,,,20190523,20190725,N
S19,J1117,ARP2,ARP1,14:40,15:40,J,Y,Y,Y,,,Y,,20190729,20190803,N
S19,J1242,ARP1,ARP3,14:45,15:55,J,,,,,,,Y,20190331,20191020,N
S19,F1218,ARP3,ARP1,14:45,15:55,F,Y,Y,Y,Y,Y,Y,Y,20190331,20191026,N
S19,I1323,ARP1,ARP3,14:55,16:10,I,Y,Y,Y,Y,Y,Y,Y,20190331,20191026,N
S19,B1021,ARP1,ARP3,14:55,16:00,B,Y,Y,Y,Y,Y,Y,Y,20190331,20191026,N
S19,A1961,ARP1,ARP3,14:55,16:05,A,,Y,Y,,Y,Y,Y,20190331,20191026,N
S19,F1220,ARP3,ARP1,14:55,16:10,F,Y,Y,Y,Y,Y,Y,Y,20190331,20191026,N
S19,J1120,ARP1,ARP2,15:00,16:05,J,Y,Y,Y,Y,Y,Y,Y,20190331,20190728,N
S19,J1120,ARP1,ARP2,15:00,16:05,J,Y,Y,Y,Y,Y,Y,Y,20190805,20191026,N
S19,J1120,ARP1,ARP2,15:00,16:05,J,,,,Y,,,,20190801,20190801,N
S19,B1816,ARP2,ARP1,15:00,15:55,B,Y,Y,Y,Y,Y,Y,Y,20190331,20191026,N
S19,J1120,ARP1,ARP2,15:00,16:05,J,Y,Y,Y,,Y,Y,Y,20190729,20190804,N
S19,H1144,ARP3,ARP1,15:00,16:10,H,Y,,Y,Y,Y,,Y,20190716,20190922,N
S19,H1144,ARP3,ARP1,15:00,16:10,H,Y,,Y,Y,Y,,Y,20190617,20190714,N
S19,J1242,ARP1,ARP3,15:00,16:10,J,,Y,Y,,,,,20190402,20190724,N
S19,J1242,ARP1,ARP3,15:00,16:10,J,,,,,,Y,,20190406,20190727,N
S19,J1242,ARP1,ARP3,15:00,16:10,J,Y,Y,Y,,,Y,,20190730,20191026,N
S19,H1146,ARP3,ARP1,18:40,19:50,H,Y,Y,Y,Y,Y,Y,Y,20190716,20190922,N
S19,J1125,ARP2,ARP1,18:40,19:40,J,,,,,Y,,Y,20190809,20190901,N
S19,J1125,ARP2,ARP1,18:40,19:40,J,,,,Y,Y,,Y,20190905,20191025,N
S19,J1125,ARP2,ARP1,18:40,19:40,J,Y,Y,Y,,Y,Y,Y,20190520,20190728,N
S19,J1125,ARP2,ARP1,18:40,19:40,J,,,,Y,,,,20190523,20190725,N
S19,J1125,ARP2,ARP1,18:40,19:40,J,Y,Y,Y,,,Y,,20190729,20190803,N
S19,J1125,ARP2,ARP1,18:40,19:40,J,,,,Y,Y,,Y,20190801,20190804,N
S19,J1125,ARP2,ARP1,18:40,19:40,J,Y,Y,Y,Y,,Y,,20190805,20190831,N
S19,J1125,ARP2,ARP1,18:40,19:40,J,Y,Y,Y,,,Y,,20190902,20191026,N
S19,H1146,ARP3,ARP1,18:40,19:50,H,Y,Y,Y,Y,Y,Y,Y,20190924,20191013,N
S19,J1539,ARP11,ARP1,18:45,19:40,J,,,,,Y,,,20190503,20191025,N
S19,I1333,ARP1,ARP3,18:45,20:00,I,Y,Y,Y,Y,Y,Y,Y,20190331,20191026,N
S19,J1539,ARP11,ARP1,18:45,19:40,J,,,,,,,Y,20190505,20191020,N
S19,A1983,ARP1,ARP3,18:45,19:55,A,Y,Y,Y,Y,Y,Y,Y,20190331,20191026,N
S19,J1337,ARP9,ARP1,18:50,19:50,J,,,,Y,,Y,,20190404,20191026,N
S19,H1144,ARP3,ARP1,15:00,16:10,H,Y,,Y,Y,Y,,Y,20190924,20191013,N
S19,A1963,ARP1,ARP3,15:05,16:15,A,Y,Y,Y,Y,Y,Y,Y,20190331,20191026,N
S19,J1235,ARP3,ARP1,15:10,16:20,J,,,,Y,,Y,,20190523,20191026,N
S19,J1235,ARP3,ARP1,15:10,16:20,J,Y,Y,Y,,Y,,,20190520,20191025,N
S19,I1326,ARP3,ARP1,15:10,16:20,I,,,Y,,,,,20190331,20191026,N
S19,A1961,ARP1,ARP3,15:15,16:30,A,Y,,,Y,,,,20190331,20191026,N
S19,L1725,ARP1,ARP3,15:15,16:25,L,Y,Y,Y,Y,Y,Y,Y,20190331,20191026,N
S19,J1244,ARP1,ARP3,15:20,16:30,J,Y,,,,,,,20190805,20190805,N
S19,J1244,ARP1,ARP3,15:20,16:30,J,,Y,,,Y,Y,,20190730,20190803,N
S19,J1244,ARP1,ARP3,15:20,16:30,J,,Y,,,,Y,,20190521,20190727,N
S19,J1244,ARP1,ARP3,15:20,16:30,J,Y,,Y,,Y,,,20190520,20190731,N
S19,J1237,ARP3,ARP1,15:20,16:30,J,,Y,,Y,,Y,,20190402,20191026,N
S19,I1317,ARP1,ARP3,15:20,16:30,I,Y,Y,Y,Y,Y,Y,Y,20190331,20191026,N
S19,J1244,ARP1,ARP3,15:20,16:30,J,Y,,,,,,,20190812,20191014,N
S19,J1244,ARP1,ARP3,15:20,16:30,J,,Y,Y,,Y,Y,,20190806,20191019,N
S19,J1336,ARP1,ARP9,15:25,16:25,J,,,,,Y,,Y,20190331,20191025,N
S19,H1155,ARP1,ARP3,15:25,16:40,H,Y,Y,Y,Y,Y,Y,Y,20190714,20190920,N
S19,J1108,ARP1,ARP2,9:00,10:05,J,,,,Y,Y,,,20190801,20190802,N
S19,J1108,ARP1,ARP2,9:00,10:05,J,Y,Y,Y,Y,,Y,,20190805,20190831,N
S19,J1534,ARP1,ARP11,8:50,9:45,J,,,,,,Y,,20190810,20191026,N
S19,J1605,ARP5,ARP1,8:50,9:50,J,,Y,,,Y,,,20190903,20191025,N
S19,J1108,ARP1,ARP2,9:00,10:05,J,Y,Y,Y,,Y,Y,,20190520,20190727,N
S19,J1108,ARP1,ARP2,9:00,10:05,J,,,,Y,,,,20190523,20190725,N
S19,J1108,ARP1,ARP2,9:00,10:05,J,Y,Y,Y,,,Y,,20190729,20190803,N
S19,H1155,ARP1,ARP3,15:25,16:40,H,Y,Y,Y,Y,Y,Y,Y,20190922,20190922,N
S19,H1155,ARP1,ARP3,15:25,16:40,H,Y,Y,Y,Y,Y,Y,Y,20190924,20191011,N
S19,H1155,ARP1,ARP3,15:25,16:40,H,Y,Y,Y,Y,Y,Y,Y,20190615,20190712,N
S19,I1325,ARP1,ARP3,15:25,16:35,I,,,,Y,,,,20190331,20191026,N
S19,J1609,ARP5,ARP1,15:30,16:30,J,Y,Y,Y,Y,Y,Y,Y,20190331,20191026,N
S19,I1326,ARP3,ARP1,15:30,16:40,I,Y,Y,,Y,Y,Y,Y,20190331,20191026,N
S19,B1819,ARP1,ARP2,15:30,16:25,B,Y,Y,Y,Y,Y,Y,Y,20190331,20191026,N
S19,I1325,ARP1,ARP3,15:35,16:50,I,Y,Y,Y,,Y,Y,Y,20190331,20191026,N
S19,F1252,ARP3,ARP1,15:35,16:45,F,Y,,Y,,Y,,,20190331,20191026,N
S19,J1119,ARP2,ARP1,15:40,16:40,J,,,,,,,Y,20190331,20191020,N
S19,F1221,ARP1,ARP3,15:40,16:50,F,Y,Y,Y,Y,Y,Y,Y,20190331,20191026,N
S19,J1239,ARP3,ARP1,15:40,16:50,J,Y,Y,Y,Y,Y,Y,Y,20190331,20191026,N
S19,J1119,ARP2,ARP1,15:40,16:40,J,Y,Y,Y,Y,Y,Y,,20190401,20191026,N
S19,H1123,ARP1,ARP3,15:45,16:55,H,Y,Y,Y,Y,Y,Y,Y,20190716,20191013,N
S19,H1123,ARP1,ARP3,15:45,16:55,H,Y,Y,Y,Y,Y,Y,Y,20190617,20190714,N
S19,A1967,ARP1,ARP3,15:45,16:55,A,Y,Y,Y,Y,Y,Y,Y,20190331,20191026,N
S19,J1538,ARP1,ARP11,15:50,16:45,J,Y,Y,Y,Y,,Y,,20190429,20191026,N
S19,A1950,ARP3,ARP1,15:50,17:00,A,Y,Y,Y,Y,Y,Y,Y,20190331,20191026,N
S19,B1807,ARP1,ARP2,9:30,10:25,B,Y,Y,Y,Y,Y,Y,Y,20190331,20191026,N
S19,J1535,ARP11,ARP1,9:00,9:55,J,Y,Y,Y,Y,Y,,,20190520,20190724,N
S19,J1108,ARP1,ARP2,9:00,10:05,J,,,,,Y,,,20190809,20190830,N
S19,J1108,ARP1,ARP2,9:00,10:05,J,Y,Y,Y,,,Y,,20190902,20191026,N
S19,J1108,ARP1,ARP2,9:00,10:05,J,,,,Y,Y,,,20190905,20191025,N
S19,J1212,ARP1,ARP3,9:00,10:10,J,Y,Y,Y,Y,Y,Y,Y,20190331,20191026,N
S19,H1107,ARP1,ARP3,9:00,10:10,H,Y,Y,Y,Y,Y,Y,Y,20190331,20191026,N
S19,B1804,ARP2,ARP1,9:00,9:55,B,Y,Y,Y,Y,Y,Y,Y,20190331,20191026,N
S19,F1252,ARP3,ARP1,9:05,10:15,F,,Y,,Y,,Y,Y,20190331,20191026,N
S19,J1211,ARP3,ARP1,9:10,10:20,J,Y,Y,Y,Y,Y,Y,Y,20190514,20190728,N
S19,J1211,ARP3,ARP1,9:10,10:20,J,Y,Y,Y,Y,,Y,Y,20190729,20191026,N
S19,J1211,ARP3,ARP1,9:10,10:20,J,,,,,Y,,,20190802,20191025,N
S19,I1308,ARP3,ARP1,9:10,10:20,I,Y,Y,Y,Y,Y,Y,Y,20190331,20190831,N
S19,F1258,ARP3,ARP1,9:10,10:20,F,,,Y,,,,,20190331,20191026,N
S19,J1214,ARP1,ARP3,9:20,10:30,J,Y,Y,Y,Y,Y,Y,Y,20190331,20191026,N
S19,A1914,ARP3,ARP1,9:20,10:30,A,Y,Y,Y,Y,Y,Y,Y,20190331,20191026,N
S19,H1141,ARP1,ARP3,9:25,10:35,H,Y,,Y,Y,Y,,Y,20190525,20191026,N
S19,A1971,ARP1,ARP3,15:55,17:10,A,Y,Y,Y,Y,Y,Y,Y,20190331,20191026,N
S19,F1223,ARP1,ARP3,15:55,17:05,F,Y,Y,Y,Y,Y,Y,Y,20190331,20191026,N
S19,A1956,ARP3,ARP1,15:55,17:05,A,Y,Y,Y,Y,Y,Y,Y,20190331,20191026,N
S19,J1122,ARP1,ARP2,16:00,17:05,J,Y,,,,,,,20190401,20190722,N
S19,J1246,ARP1,ARP3,16:00,17:10,J,,,,Y,Y,,,20190808,20191025,N
S19,J1246,ARP1,ARP3,16:00,17:10,J,,Y,Y,,,Y,Y,20190731,20191026,N
S19,B1818,ARP2,ARP1,16:00,16:55,B,Y,Y,Y,Y,Y,Y,Y,20190331,20191026,N
S19,A1707,ARP1,ARP8,16:00,16:50,A,Y,Y,Y,Y,Y,Y,Y,20190331,20191026,N
S19,J1246,ARP1,ARP3,16:00,17:10,J,,Y,,Y,Y,,,20190730,20190802,N
S19,J1246,ARP1,ARP3,16:00,17:10,J,,,Y,,Y,Y,Y,20190522,20190728,N
S19,J1122,ARP1,ARP2,16:00,17:05,J,,Y,Y,Y,Y,,,20190402,20190726,N
S19,J1246,ARP1,ARP3,16:00,17:10,J,,Y,,Y,,,,20190521,20190725,N
S19,J1243,ARP3,ARP1,16:00,17:10,J,Y,,,,,,,20190401,20191021,N
S19,J1122,ARP1,ARP2,16:00,17:05,J,Y,,,Y,,,,20190729,20191017,N
S19,J1122,ARP1,ARP2,16:00,17:05,J,,Y,Y,,Y,,,20190730,20191023,N
S19,J1241,ARP3,ARP1,16:00,17:10,J,,,,,Y,,Y,20190331,20191025,N
S19,H1125,ARP1,ARP3,16:05,17:15,H,Y,Y,Y,Y,Y,Y,Y,20190331,20191026,N
S19,J1243,ARP3,ARP1,16:10,17:20,J,,Y,Y,Y,Y,Y,Y,20190331,20191026,N
S19,A1410,ARP3,ARP1,16:10,17:20,A,Y,,,,,,,20190428,20191026,N
S19,B1010,ARP3,ARP1,16:20,17:30,B,Y,Y,Y,Y,Y,Y,Y,20190331,20191026,N
S19,A1901,ARP1,ARP3,6:05,7:15,A,Y,Y,Y,Y,Y,Y,Y,20190331,20191026,N
S19,I1301,ARP1,ARP3,6:05,7:20,I,Y,Y,Y,Y,Y,Y,Y,20190610,20191026,N
S19,F1201,ARP1,ARP3,6:10,7:20,F,Y,Y,Y,Y,Y,Y,Y,20190331,20191026,N
S19,I1303,ARP1,ARP3,6:10,7:25,I,Y,Y,Y,Y,Y,Y,Y,20190331,20191026,N
S19,F1203,ARP1,ARP3,6:15,7:25,F,Y,Y,Y,Y,Y,Y,Y,20190331,20191026,N
S19,H1151,ARP1,ARP3,6:15,7:30,H,Y,Y,Y,Y,Y,Y,Y,20190331,20191026,N
S19,J1204,ARP1,ARP3,6:20,7:30,J,Y,,,,,,,20190401,20191021,N
S19,L1701,ARP1,ARP3,6:20,7:30,L,,,Y,,Y,,,20190419,20191026,N
S19,A1903,ARP1,ARP3,6:25,7:35,A,Y,Y,Y,Y,Y,Y,Y,20190331,20191026,N
S19,H1101,ARP1,ARP3,6:25,7:35,H,Y,Y,Y,Y,Y,Y,Y,20190331,20191026,N
S19,A1900,ARP3,ARP1,6:30,7:40,A,Y,Y,Y,Y,Y,Y,Y,20190331,20191026,N
S19,A1902,ARP3,ARP1,6:40,7:50,A,Y,Y,Y,Y,Y,Y,Y,20190331,20191026,N
S19,A1911,ARP1,ARP3,6:40,7:50,A,Y,Y,Y,Y,Y,Y,Y,20190331,20191026,N
S19,F1281,ARP1,ARP3,6:40,7:50,F,Y,,,,Y,,Y,20190627,20190831,N
S19,J1203,ARP3,ARP1,6:40,7:50,J,,Y,Y,,Y,,,20190903,20191025,N
S19,A1703,ARP1,ARP8,9:35,10:30,A,Y,Y,Y,Y,Y,Y,Y,20190331,20191026,N
S19,A1404,ARP3,ARP1,9:35,10:40,A,Y,,,,,,,20190428,20191026,N
S19,J1107,ARP2,ARP1,9:40,10:40,J,,Y,Y,,Y,Y,Y,20190827,20191020,N
S19,J1107,ARP2,ARP1,9:40,10:40,J,,Y,Y,,Y,Y,,20190730,20190824,N
S19,J1107,ARP2,ARP1,9:40,10:40,J,Y,,,Y,,,Y,20190729,20190829,N
S19,J1107,ARP2,ARP1,9:40,10:40,J,Y,,,,,,,20190401,20190722,N
S19,J1107,ARP2,ARP1,9:40,10:40,J,,Y,Y,Y,Y,Y,Y,20190331,20190728,N
S19,B1026,ARP3,ARP1,9:40,10:45,B,Y,Y,Y,Y,Y,Y,Y,20190331,20191026,N
S19,J1107,ARP2,ARP1,9:40,10:40,J,Y,,,Y,,,,20190902,20191017,N
S19,H1104,ARP3,ARP1,9:45,10:55,H,Y,Y,Y,Y,Y,Y,Y,20190331,20191026,N
S19,L1707,ARP1,ARP3,9:45,10:55,L,Y,Y,Y,Y,Y,Y,Y,20190331,20191026,N
S19,I1309,ARP1,ARP3,9:50,11:05,I,Y,Y,Y,Y,Y,Y,Y,20190331,20191026,N
S19,A1735,ARP1,ARP9,16:20,17:15,A,Y,Y,Y,Y,Y,Y,Y,20190331,20191026,N
S19,H1120,ARP3,ARP1,16:25,17:35,H,Y,Y,Y,Y,Y,Y,Y,20190331,20191026,N
S19,J1248,ARP1,ARP3,16:25,17:35,J,,,,,Y,,,20190405,20191025,N
S19,A1962,ARP3,ARP1,16:25,17:35,A,Y,Y,Y,Y,Y,Y,Y,20190331,20191026,N
S19,B1821,ARP1,ARP2,16:30,17:25,B,Y,Y,Y,Y,Y,Y,Y,20190331,20191026,N
S19,B1020,ARP3,ARP1,16:35,17:45,B,,Y,,,Y,,,20190331,20191026,N
S19,F1225,ARP1,ARP3,16:35,17:45,F,Y,Y,Y,Y,Y,Y,Y,20190331,20191026,N
S19,J1121,ARP2,ARP1,16:40,17:40,J,Y,Y,Y,Y,Y,Y,Y,20190331,20190728,N
S19,J1250,ARP1,ARP3,16:40,17:50,J,Y,Y,Y,Y,Y,Y,Y,20190331,20191026,N
S19,J1121,ARP2,ARP1,16:40,17:40,J,Y,Y,Y,Y,Y,Y,Y,20190805,20191026,N
S19,J1121,ARP2,ARP1,16:40,17:40,J,,,,Y,,,,20190801,20190801,N
S19,J1121,ARP2,ARP1,16:40,17:40,J,Y,Y,Y,,Y,Y,Y,20190729,20190804,N
S19,J1245,ARP3,ARP1,16:40,17:50,J,Y,Y,Y,Y,,Y,Y,20190729,20191026,N
S19,J1245,ARP3,ARP1,16:40,17:50,J,Y,Y,Y,Y,,Y,,20190715,20190727,N
S19,J1245,ARP3,ARP1,16:40,17:50,J,,,,,,,Y,20190526,20190728,N
S19,J1245,ARP3,ARP1,16:40,17:50,J,Y,Y,Y,Y,,,,20190520,20190711,N
S19,J1203,ARP3,ARP1,6:40,7:50,J,,,,,,,Y,20190526,20190728,N
S19,J1203,ARP3,ARP1,6:40,7:50,J,,,,,,Y,Y,20190831,20191026,N
S19,J1203,ARP3,ARP1,6:40,7:50,J,,Y,Y,,Y,Y,,20190521,20190727,N
S19,J1203,ARP3,ARP1,6:40,7:50,J,,,,,,Y,,20190803,20190824,N
S19,J1203,ARP3,ARP1,6:40,7:50,J,,Y,Y,,Y,,Y,20190730,20190830,N
S19,J1204,ARP1,ARP3,6:40,7:50,J,,Y,Y,Y,Y,Y,Y,20190331,20191026,N
S19,L1701,ARP1,ARP3,6:40,7:50,L,Y,Y,,Y,,Y,,20190419,20191026,N
S19,F1205,ARP1,ARP3,6:50,7:55,F,Y,Y,Y,Y,Y,Y,Y,20190331,20191026,N
S19,J1634,ARP1,ARP12,6:50,7:50,J,Y,Y,Y,Y,Y,Y,Y,20190331,20191026,N
S19,B1011,ARP1,ARP3,6:55,8:05,B,Y,Y,Y,Y,Y,Y,Y,20190331,20191026,N
S19,H1103,ARP1,ARP3,7:00,8:10,H,Y,Y,Y,Y,Y,Y,Y,20190331,20191026,N
S19,J1104,ARP1,ARP2,7:00,8:05,J,Y,Y,Y,Y,Y,,Y,20190331,20190728,N
S19,J1103,ARP2,ARP1,7:00,8:00,J,Y,Y,,Y,Y,Y,,20190902,20191026,N
S19,J1104,ARP1,ARP2,7:00,8:05,J,Y,Y,Y,Y,Y,,Y,20190805,20191025,N
S19,F1209,ARP1,ARP3,9:50,11:00,F,Y,Y,Y,Y,Y,Y,Y,20190331,20191026,N
S19,A1927,ARP1,ARP3,9:50,11:00,A,Y,Y,Y,Y,Y,Y,Y,20190331,20191026,N
S19,A1916,ARP3,ARP1,9:50,11:00,A,Y,Y,Y,Y,Y,Y,Y,20190331,20191026,N
S19,F1208,ARP3,ARP1,9:50,11:00,F,Y,Y,Y,Y,Y,Y,Y,20190331,20191026,N
S19,B1806,ARP2,ARP1,10:00,10:55,B,Y,Y,Y,Y,Y,Y,Y,20190331,20191026,N
S19,J1110,ARP1,ARP2,10:00,11:05,J,,,,,,,Y,20190331,20191020,N
S19,J1110,ARP1,ARP2,10:00,11:05,J,Y,Y,Y,Y,Y,Y,,20190401,20191026,N
S19,J1216,ARP1,ARP3,10:05,11:15,J,Y,Y,Y,Y,Y,,,20190805,20191025,N
S19,J1216,ARP1,ARP3,10:05,11:15,J,,,,,,Y,Y,20190810,20191026,N
S19,J1216,ARP1,ARP3,10:05,11:15,J,,,,Y,,Y,Y,20190801,20190804,N
S19,J1216,ARP1,ARP3,10:05,11:15,J,,,,Y,,Y,,20190509,20190727,N
S19,J1216,ARP1,ARP3,10:05,11:15,J,Y,Y,Y,,Y,,Y,20190429,20190802,N
S19,J1213,ARP3,ARP1,10:10,11:20,J,Y,Y,Y,Y,Y,Y,Y,20190331,20191026,N
S19,H1106,ARP3,ARP1,10:10,11:20,H,Y,Y,Y,Y,,,,20190809,20191026,N
S19,A1931,ARP1,ARP3,10:15,11:25,A,Y,Y,Y,Y,Y,Y,Y,20190331,20191026,N
S19,J1335,ARP9,ARP1,10:15,11:15,J,Y,Y,Y,Y,,,,20190902,20191024,N
S19,J1335,ARP9,ARP1,10:15,11:15,J,Y,Y,Y,,,,,20190805,20190828,N
S19,J1335,ARP9,ARP1,10:15,11:15,J,,,,Y,,Y,,20190801,20190831,N
S19,J1335,ARP9,ARP1,10:15,11:15,J,,,,,,Y,,20190504,20190724,N
S19,J1610,ARP1,ARP5,16:45,17:45,J,,,,,,Y,Y,20190331,20191026,N
S19,I1328,ARP3,ARP1,16:45,18:00,I,Y,Y,Y,Y,Y,Y,Y,20190331,20191026,N
S19,A1964,ARP3,ARP1,16:55,18:05,A,,Y,Y,,Y,Y,Y,20190331,20191026,N
S19,H1145,ARP1,ARP3,16:55,17:55,H,Y,,,,,,,20190801,20190922,N
S19,H1145,ARP1,ARP3,16:55,17:55,H,Y,,,,,,,20190924,20191013,N
S19,I1331,ARP1,ARP3,16:55,18:05,I,,,Y,,,,,20190331,20191026,N
S19,H1145,ARP1,ARP3,16:55,18:05,H,,,Y,Y,Y,,Y,20190625,20191026,N
S19,H1145,ARP1,ARP3,16:55,18:05,H,Y,,,,,,,20190625,20190714,N
S19,H1145,ARP1,ARP3,16:55,18:05,H,Y,,,,,,,20190716,20190731,N
S19,I1330,ARP3,ARP1,17:00,18:10,I,Y,Y,Y,Y,Y,Y,Y,20190610,20191026,N
S19,B1820,ARP2,ARP1,17:00,17:55,B,Y,Y,Y,Y,Y,Y,Y,20190331,20191026,N
S19,A1970,ARP3,ARP1,17:00,18:10,A,Y,Y,Y,Y,Y,Y,Y,20190331,20191026,N
S19,J1124,ARP1,ARP2,17:00,18:05,J,,,,Y,Y,,Y,20190905,20191025,N
S19,J1124,ARP1,ARP2,17:00,18:05,J,Y,Y,Y,,,Y,,20190902,20191026,N
S19,J1103,ARP2,ARP1,7:00,8:00,J,Y,Y,,,,Y,,20190729,20190831,N
S19,J1103,ARP2,ARP1,7:00,8:00,J,,,Y,,,,,20190911,20191023,N
S19,J1104,ARP1,ARP2,7:00,8:05,J,Y,Y,Y,,Y,,Y,20190729,20190804,N
S19,B1800,ARP2,ARP1,7:00,7:55,B,Y,Y,Y,Y,Y,Y,,20190331,20191026,N
S19,J1104,ARP1,ARP2,7:00,8:05,J,,,,Y,,,,20190801,20190801,N
S19,L1703,ARP1,ARP3,7:00,8:10,L,Y,Y,Y,Y,Y,Y,Y,20190331,20191026,N
S19,J1103,ARP2,ARP1,7:00,8:00,J,,,Y,Y,Y,,,20190731,20190904,N
S19,J1205,ARP3,ARP1,7:00,8:10,J,,,,Y,Y,,Y,20190801,20190804,N
S19,J1205,ARP3,ARP1,7:00,8:10,J,Y,Y,Y,Y,,Y,,20190805,20191026,N
S19,J1103,ARP2,ARP1,7:00,8:00,J,,,Y,,,,,20190522,20190724,N
S19,J1103,ARP2,ARP1,7:00,8:00,J,Y,Y,,Y,Y,Y,,20190520,20190727,N
S19,J1205,ARP3,ARP1,7:00,8:10,J,,,,,Y,,Y,20190809,20191025,N
S19,J1205,ARP3,ARP1,7:00,8:10,J,,,,Y,,,,20190523,20190725,N
S19,J1335,ARP9,ARP1,10:15,11:15,J,,,,,,Y,,20190907,20191026,N
S19,J1335,ARP9,ARP1,10:15,11:15,J,Y,Y,Y,Y,,,,20190429,20190703,N
S19,J1215,ARP3,ARP1,10:20,11:30,J,,,,,,Y,,20190810,20190824,N
S19,J1215,ARP3,ARP1,10:20,11:30,J,,,,,,Y,Y,20190331,20190803,N
S19,A1920,ARP3,ARP1,10:20,11:30,A,Y,Y,Y,Y,Y,Y,Y,20190331,20191026,N
S19,J1215,ARP3,ARP1,10:20,11:30,J,,,,,,,Y,20190804,20190825,N
S19,J1215,ARP3,ARP1,10:20,11:30,J,,,,,,Y,Y,20190831,20191026,N
S19,I1311,ARP1,ARP3,10:25,11:35,I,Y,Y,Y,Y,Y,Y,Y,20190610,20191026,N
S19,J1535,ARP11,ARP1,10:25,11:20,J,,,,,,,Y,20190804,20191020,N
S19,J1535,ARP11,ARP1,10:25,11:20,J,,,,,,Y,,20190810,20191026,N
S19,J1535,ARP11,ARP1,10:25,11:20,J,,,,,,Y,Y,20190331,20190724,N
S19,L1709,ARP1,ARP3,10:30,11:40,L,,Y,,Y,,Y,,20190331,20191026,N
S19,B1809,ARP1,ARP2,10:30,11:25,B,Y,Y,Y,Y,Y,Y,Y,20190331,20191026,N
S19,J1606,ARP1,ARP5,10:30,11:30,J,Y,Y,Y,Y,Y,Y,Y,20190331,20191026,N
S19,H1106,ARP3,ARP1,10:35,11:45,H,,,,,Y,Y,Y,20190331,20191026,N
S19,J1124,ARP1,ARP2,17:00,18:05,J,,,,,Y,,Y,20190809,20190901,N
S19,J1124,ARP1,ARP2,17:00,18:05,J,Y,Y,Y,Y,,Y,,20190805,20190831,N
S19,J1124,ARP1,ARP2,17:00,18:05,J,,,,Y,Y,,Y,20190801,20190804,N
S19,J1124,ARP1,ARP2,17:00,18:05,J,Y,Y,Y,,,Y,,20190729,20190803,N
S19,J1124,ARP1,ARP2,17:00,18:05,J,,,,Y,,,,20190523,20190725,N
S19,J1124,ARP1,ARP2,17:00,18:05,J,Y,Y,Y,,Y,Y,Y,20190520,20190728,N
S19,J1247,ARP3,ARP1,17:00,18:10,J,,,,,Y,Y,,20190524,20191026,N
S19,J1247,ARP3,ARP1,17:00,18:10,J,Y,Y,Y,Y,,,Y,20190520,20191024,N
S19,J1335,ARP9,ARP1,17:05,18:05,J,,,,,Y,,Y,20190331,20191025,N
S19,J1252,ARP1,ARP3,17:10,18:20,J,,Y,,Y,,Y,,20190521,20191026,N
S19,J1336,ARP1,ARP9,17:10,18:10,J,,,,Y,,Y,,20190404,20191026,N
S19,J1538,ARP1,ARP11,17:10,18:05,J,,,,,Y,,,20190503,20191025,N
S19,J1538,ARP1,ARP11,17:10,18:05,J,,,,,,,Y,20190505,20191020,N
S19,J1610,ARP1,ARP5,17:10,18:10,J,Y,Y,Y,Y,Y,,,20190401,20191025,N
S19,J1206,ARP1,ARP3,7:20,8:30,J,Y,Y,Y,Y,Y,Y,Y,20190514,20190728,N
S19,J1205,ARP3,ARP1,7:00,8:10,J,Y,Y,Y,,,Y,,20190729,20190803,N
S19,J1205,ARP3,ARP1,7:00,8:10,J,Y,Y,Y,,Y,Y,Y,20190520,20190728,N
S19,I1305,ARP1,ARP3,7:05,8:20,I,Y,Y,Y,Y,Y,,,20190331,20191026,N
S19,I1302,ARP3,ARP1,7:05,8:10,I,Y,Y,Y,Y,Y,Y,Y,20190901,20191026,N
S19,B1891,ARP1,ARP5,7:10,8:10,B,Y,Y,Y,Y,,Y,Y,20190331,20191026,N
S19,H1201,ARP2,ARP1,7:10,8:05,H,Y,Y,Y,Y,Y,Y,Y,20190331,20190704,N
S19,J1534,ARP1,ARP11,7:20,8:15,J,Y,,,,,,,20190520,20190724,N
S19,B1013,ARP1,ARP3,7:20,8:30,B,Y,Y,Y,Y,,Y,Y,20190331,20191026,N
S19,J1206,ARP1,ARP3,7:20,8:30,J,,,,,Y,,,20190802,20191025,N
S19,J1206,ARP1,ARP3,7:20,8:30,J,Y,Y,Y,Y,,Y,Y,20190729,20191026,N
S19,J1534,ARP1,ARP11,7:20,8:15,J,,Y,Y,Y,Y,,,20190402,20190724,N
S19,J1215,ARP3,ARP1,10:35,11:45,J,Y,,,,,,,20190520,20190729,N
S19,J1215,ARP3,ARP1,10:35,11:45,J,Y,,,,Y,,,20190805,20191025,N
S19,H1106,ARP3,ARP1,10:35,11:45,H,Y,Y,Y,Y,,,,20190331,20190808,N
S19,J1215,ARP3,ARP1,10:35,11:45,J,,,,,Y,,,20190524,20190802,N
S19,J1109,ARP2,ARP1,10:40,11:40,J,Y,Y,Y,Y,,Y,,20190805,20190831,N
S19,J1109,ARP2,ARP1,10:40,11:40,J,,,,,Y,,,20190809,20190830,N
S19,J1109,ARP2,ARP1,10:40,11:40,J,Y,Y,Y,,,Y,,20190902,20191026,N
S19,A1935,ARP1,ARP3,10:40,11:50,A,Y,Y,Y,Y,Y,Y,Y,20190331,20191026,N
S19,J1109,ARP2,ARP1,10:40,11:40,J,,,,Y,Y,,,20190905,20191025,N
S19,J1218,ARP1,ARP3,10:40,11:50,J,,,,,Y,Y,Y,20190524,20191026,N
S19,J1218,ARP1,ARP3,10:40,11:50,J,Y,Y,Y,Y,,,,20190520,20191024,N
S19,J1109,ARP2,ARP1,10:40,11:40,J,,,,Y,Y,,,20190801,20190802,N
S19,J1109,ARP2,ARP1,10:40,11:40,J,Y,Y,Y,,,Y,,20190729,20190803,N
S19,J1109,ARP2,ARP1,10:40,11:40,J,Y,Y,Y,,Y,Y,,20190520,20190727,N
S19,J1109,ARP2,ARP1,10:40,11:40,J,,,,Y,,,,20190523,20190725,N
S19,J1217,ARP3,ARP1,10:45,11:55,J,,,,,Y,,Y,20190331,20191025,N
S19,H1108,ARP3,ARP1,10:50,12:00,H,Y,Y,Y,Y,Y,Y,Y,20190331,20191026,N
S19,J1336,ARP1,ARP9,17:10,18:10,J,Y,Y,Y,,,,,20190401,20191023,N
S19,H1122,ARP3,ARP1,17:20,18:30,H,Y,Y,Y,Y,Y,Y,Y,20190331,20191026,N
S19,I1331,ARP1,ARP3,17:20,18:30,I,Y,Y,,Y,Y,Y,Y,20190331,20191026,N
S19,A1708,ARP8,ARP1,17:20,18:10,A,Y,Y,Y,Y,Y,Y,Y,20190331,20191026,N
S19,A1964,ARP3,ARP1,17:20,18:30,A,Y,,,Y,,,,20190331,20191026,N
S19,J1249,ARP3,ARP1,17:20,18:30,J,,,Y,,,Y,,20190731,20191026,N
S19,J1249,ARP3,ARP1,17:20,18:30,J,,,Y,,,,,20190522,20190724,N
S19,J1249,ARP3,ARP1,17:20,18:30,J,Y,,,,Y,Y,,20190520,20190802,N
S19,J1249,ARP3,ARP1,17:20,18:30,J,Y,,,,Y,,,20190805,20191025,N
S19,J1539,ARP11,ARP1,17:25,18:20,J,Y,Y,Y,Y,,Y,,20190429,20191026,N
S19,L1727,ARP1,ARP3,17:25,18:35,L,Y,Y,Y,Y,Y,Y,Y,20190331,20191026,N
S19,B1823,ARP1,ARP2,17:30,18:25,B,Y,Y,Y,Y,Y,Y,Y,20190331,20191026,N
S19,F1222,ARP3,ARP1,17:35,18:45,F,Y,Y,Y,Y,Y,Y,Y,20190331,20191026,N
S19,I1305,ARP1,ARP3,7:25,8:40,I,,,,,,Y,Y,20190331,20191026,N
S19,A1913,ARP1,ARP3,7:25,8:35,A,Y,Y,Y,Y,Y,Y,Y,20190331,20191026,N
S19,J1334,ARP1,ARP9,7:30,8:30,J,,,,,Y,,,20190405,20191018,N
S19,J1334,ARP1,ARP9,7:30,8:30,J,,,,,,,Y,20190331,20191020,N
S19,B1803,ARP1,ARP2,7:30,8:25,B,Y,Y,Y,Y,Y,Y,Y,20190331,20191026,N
S19,H1202,ARP1,ARP2,7:35,8:30,H,Y,Y,Y,Y,Y,Y,Y,20190504,20190704,N
S19,H1140,ARP3,ARP1,7:40,8:50,H,Y,,Y,Y,Y,,Y,20190525,20191026,N
S19,H1105,ARP1,ARP3,7:40,8:50,H,Y,Y,Y,Y,Y,Y,Y,20190331,20191026,N
S19,B1027,ARP1,ARP3,7:45,8:55,B,,,,,,Y,,20190331,20191026,N
S19,B1027,ARP1,ARP3,7:45,8:55,B,,,Y,,,,,20190331,20191026,N
S19,I1304,ARP3,ARP1,7:55,9:15,I,,,,,,Y,,20190331,20191026,N
S19,F1281,ARP1,ARP3,7:55,9:05,F,,Y,Y,Y,,Y,,20190627,20190831,N
S19,I1313,ARP1,ARP3,10:55,12:05,I,Y,Y,Y,Y,Y,Y,Y,20190331,20190831,N
S19,A1406,ARP3,ARP1,10:55,12:05,A,,,,,,,Y,20190428,20191026,N
S19,F1211,ARP1,ARP3,10:55,12:05,F,Y,Y,Y,Y,Y,Y,Y,20190331,20191026,N
S19,L1711,ARP1,ARP3,10:55,12:05,L,,,Y,,,,,20190331,20191026,N
S19,J1112,ARP1,ARP2,11:00,12:05,J,Y,Y,Y,,Y,Y,Y,20190729,20190804,N
S19,J1112,ARP1,ARP2,11:00,12:05,J,Y,Y,Y,Y,Y,Y,Y,20190805,20191026,N
S19,A1704,ARP8,ARP1,11:00,11:55,A,Y,Y,Y,Y,Y,Y,Y,20190331,20191026,N
S19,J1112,ARP1,ARP2,11:00,12:05,J,,,,Y,,,,20190801,20190801,N
S19,B1808,ARP2,ARP1,11:00,11:55,B,Y,Y,Y,Y,Y,Y,Y,20190331,20191026,N
S19,J1112,ARP1,ARP2,11:00,12:05,J,Y,Y,Y,Y,Y,Y,Y,20190331,20190728,N
S19,J1220,ARP1,ARP3,11:05,12:15,J,,,,,Y,,,20190524,20191025,N
S19,J1220,ARP1,ARP3,11:05,12:15,J,Y,Y,Y,Y,,Y,Y,20190520,20191026,N
S19,A1405,ARP1,ARP3,11:10,12:20,A,Y,,,,,,,20190428,20191026,N
S19,J1219,ARP3,ARP1,11:10,12:20,J,Y,Y,Y,Y,Y,Y,Y,20190331,20191026,N
S19,A1941,ARP1,ARP3,11:15,12:25,A,Y,Y,Y,Y,Y,Y,Y,20190331,20191026,N
S19,H1142,ARP3,ARP1,11:15,12:25,H,Y,,Y,Y,Y,,Y,20190525,20191026,N
S19,J1222,ARP1,ARP3,11:20,12:30,J,,Y,,Y,,,,20190425,20190806,N
S19,J1123,ARP2,ARP1,17:40,18:40,J,,Y,Y,Y,Y,,,20190402,20190726,N
S19,J1123,ARP2,ARP1,17:40,18:40,J,Y,,,Y,,,Y,20190729,20191020,N
S19,J1123,ARP2,ARP1,17:40,18:40,J,,Y,Y,,Y,,,20190730,20191023,N
S19,J1123,ARP2,ARP1,17:40,18:40,J,Y,,,,,,Y,20190331,20190728,N
S19,L1729,ARP1,ARP3,17:40,18:50,L,,Y,,Y,,Y,,20190331,20191026,N
S19,A1972,ARP3,ARP1,17:40,18:50,A,Y,Y,Y,Y,Y,Y,Y,20190331,20191026,N
S19,I1332,ARP3,ARP1,17:45,19:00,I,Y,Y,Y,Y,Y,Y,Y,20190331,20191026,N
S19,A1973,ARP1,ARP3,17:50,19:00,A,Y,Y,Y,Y,Y,Y,Y,20190331,20191026,N
S19,H1124,ARP3,ARP1,17:50,19:00,H,Y,Y,Y,Y,Y,Y,Y,20190331,20191026,N
S19,A1736,ARP9,ARP1,17:50,18:45,A,Y,Y,Y,Y,Y,Y,Y,20190331,20191026,N
S19,A1411,ARP1,ARP3,17:55,19:00,A,Y,,,,,,,20190428,20191026,N
S19,J1126,ARP1,ARP2,18:00,19:05,J,,,,,,,Y,20190331,20191020,N
S19,B1822,ARP2,ARP1,18:00,18:55,B,Y,Y,Y,Y,Y,Y,Y,20190331,20191026,N
S19,J1126,ARP1,ARP2,18:00,19:05,J,Y,Y,Y,Y,Y,Y,,20190401,20191026,N
S19,J1251,ARP3,ARP1,18:00,19:10,J,Y,,,,,,,20190701,20190729,N
S19,J1251,ARP3,ARP1,18:05,19:15,J,Y,,,Y,,,Y,20190805,20191020,N
S19,B1201,ARP4,ARP3,7:30,8:30,B,Y,,,,Y,,Y,20190430,20191026,N
S19,H1876,ARP3,ARP6,17:15,18:25,H,Y,Y,Y,Y,Y,Y,Y,20190503,20191026,Y
S19,H1875,ARP6,ARP3,19:00,20:10,H,Y,Y,Y,Y,Y,Y,Y,20190503,20191026,Y
S19,J1267,ARP3,ARP1,21:05,22:15,J,,,,,,,Y,20190922,20191020,N
S19,J1267,ARP3,ARP1,21:05,22:15,J,Y,Y,Y,Y,Y,Y,,20190916,20191025,N
S19,J1267,ARP3,ARP1,21:05,22:15,J,,,,,,Y,Y,20190914,20190915,N
S19,J1267,ARP3,ARP1,21:05,22:15,J,,,,,,,Y,20190901,20190908,N
S19,J1267,ARP3,ARP1,21:05,22:15,J,Y,Y,Y,Y,Y,Y,,20190826,20190913,N
S19,J1267,ARP3,ARP1,21:05,22:15,J,Y,Y,Y,Y,Y,,,20190729,20190823,N
S19,J1267,ARP3,ARP1,21:05,22:15,J,,,,,,Y,Y,20190803,20190825,N
S19,H1130,ARP3,ARP1,21:05,22:15,H,Y,Y,Y,Y,Y,Y,Y,20190331,20191026,N
S19,J1270,ARP1,ARP3,21:10,22:20,J,,,,,Y,,,20190405,20191025,N
S19,H1158,ARP3,ARP1,21:10,22:20,H,Y,Y,Y,Y,Y,Y,Y,20190331,20191026,N
S19,A1998,ARP3,ARP1,21:10,22:20,A,Y,Y,Y,Y,Y,Y,Y,20190331,20191026,N
S19,I1338,ARP3,ARP1,21:10,22:20,I,Y,Y,Y,Y,Y,Y,Y,20190610,20191026,N
S19,F1232,ARP3,ARP1,21:15,22:25,F,Y,Y,Y,Y,Y,Y,Y,20190331,20191026,N
S19,H1134,ARP3,ARP1,21:20,22:30,H,Y,Y,Y,Y,Y,Y,Y,20190331,20191026,N
S19,B1014,ARP3,ARP1,21:20,22:30,B,,,Y,,,Y,Y,20190331,20191026,N
S19,A1995,ARP1,ARP3,21:20,22:30,A,Y,Y,Y,Y,,Y,,20190331,20191026,N
S19,A1995,ARP1,ARP3,21:20,22:30,A,,,,,Y,,Y,20190331,20191026,N
S19,F1282,ARP3,ARP1,21:25,22:35,F,Y,Y,Y,Y,Y,Y,Y,20190626,20190830,N
S19,B1831,ARP1,ARP2,21:30,22:25,B,,,,,Y,,Y,20190331,20191026,N
S19,B1830,ARP2,ARP1,21:30,22:25,B,,,,,Y,,Y,20190331,20191026,N
S19,B1851,ARP1,ARP4,6:50,7:50,B,Y,Y,,Y,Y,Y,Y,20190515,20191026,N
S19,J1835,ARP3,ARP12,13:00,14:00,J,Y,,,,,,,20190331,20191021,N
S19,J1834,ARP12,ARP3,14:40,15:40,J,Y,,,,,,,20190331,20191021,N
S19,J1335,ARP9,ARP1,10:20,11:20,J,Y,Y,Y,Y,,Y,,20190617,20191026,N
S19,J1934,ARP9,ARP3,9:10,10:19,J,,,,,Y,,Y,20190617,20191026,N
S19,I1565,ARP2,ARP3,14:05,15:00,I,,,,,,Y,,20190624,20191026,N
S19,H1503,ARP2,ARP3,8:05,9:05,H,Y,,Y,,Y,,Y,20190705,20191026,N
S19,L1813,ARP4,ARP3,15:30,16:30,L,,,,,Y,,,20190723,20190831,Y
S19,J1534,ARP1,ARP11,7:20,8:15,J,Y,,,,,,,20190725,20191021,N
S19,J1534,ARP1,ARP11,7:20,8:15,J,,Y,Y,Y,Y,,,20190725,20191025,N
S19,J1534,ARP1,ARP11,7:20,8:15,J,Y,Y,Y,Y,Y,,,20190725,20190731,N
S19,J1535,ARP11,ARP1,9:00,9:55,J,Y,Y,Y,Y,Y,,,20190725,20190731,N
S19,M1362,ARP3,ARP10,11:55,13:15,M,Y,Y,Y,Y,,,Y,20190701,20190731,N
S19,J1259,ARP3,ARP1,19:00,20:10,J,Y,Y,Y,Y,Y,Y,Y,20190331,20191026,N
S19,I1335,ARP1,ARP3,19:05,20:15,I,Y,Y,Y,Y,Y,Y,Y,20190610,20191026,N
S19,H1129,ARP1,ARP3,19:05,20:15,H,Y,Y,Y,Y,Y,Y,Y,20190331,20191026,N
S19,J1262,ARP1,ARP3,19:10,20:20,J,,,,,,,Y,20190922,20191020,N
S19,J1262,ARP1,ARP3,19:10,20:20,J,,,,,,Y,Y,20190914,20190915,N
S19,J1262,ARP1,ARP3,19:10,20:20,J,Y,Y,Y,Y,Y,Y,,20190916,20191026,N
S19,J1262,ARP1,ARP3,19:10,20:20,J,Y,Y,Y,Y,Y,Y,Y,20190520,20190803,N
S19,J1262,ARP1,ARP3,19:10,20:20,J,,,,,,,Y,20190804,20190908,N
S19,J1262,ARP1,ARP3,19:10,20:20,J,Y,Y,Y,Y,Y,Y,,20190805,20190913,N
S19,A1991,ARP1,ARP3,19:20,20:35,A,Y,Y,Y,Y,Y,Y,Y,20190331,20191026,N
S19,B1012,ARP3,ARP1,19:20,20:30,B,Y,Y,,,Y,,,20190331,20191026,N
S19,J1264,ARP1,ARP3,19:20,20:30,J,,,Y,,,,,20190417,20191023,N
S19,F1231,ARP1,ARP3,19:25,20:35,F,Y,Y,Y,Y,Y,Y,Y,20190331,20191026,N
S19,A1982,ARP3,ARP1,19:30,20:40,A,Y,Y,Y,Y,,Y,,20190331,20191026,N
S19,B1827,ARP1,ARP2,19:30,20:25,B,Y,Y,Y,Y,Y,Y,Y,20190331,20191026,N
S19,H1207,ARP2,ARP1,19:30,20:25,H,Y,Y,Y,Y,Y,Y,Y,20190503,20191026,N
S19,H1133,ARP1,ARP3,19:35,20:45,H,Y,Y,Y,Y,Y,Y,Y,20190331,20191026,N
S19,I1339,ARP1,ARP3,19:35,20:50,I,Y,Y,Y,Y,Y,Y,Y,20190331,20191026,N
S19,J1132,ARP1,ARP2,19:40,20:45,J,,,,,,,Y,20190331,20191020,N
S19,J1127,ARP2,ARP1,19:40,20:40,J,,,,,,,Y,20190331,20191020,N
S19,L1704,ARP1,ARP3,8:25,9:35,L,,,Y,,,,,20190401,20191026,N
S19,L1714,ARP1,ARP3,11:40,12:50,L,,Y,,,,Y,,20190401,20191026,N
S19,L1718,ARP1,ARP3,12:45,13:55,L,Y,,Y,Y,Y,,Y,20190401,20191026,N
S19,L1702,ARP3,ARP1,7:55,,L,Y,Y,Y,Y,Y,Y,Y,20190401,20191027,N
S19,L1704,ARP3,ARP1,8:25,,L,,Y,,,,,,20190401,20191027,N
S19,L1706,ARP3,ARP1,8:45,,L,Y,Y,Y,Y,Y,Y,Y,20190401,20191027,N
S19,L1708,ARP3,ARP1,10:00,,L,Y,Y,Y,Y,Y,Y,Y,20190331,20191026,N
S19,L1710,ARP3,ARP1,11:05,,L,Y,Y,Y,Y,Y,Y,Y,20190331,20191026,N
S19,L1712,ARP3,ARP1,11:35,,L,Y,Y,Y,Y,Y,Y,Y,20190331,20191026,N
S19,L1714,ARP3,ARP1,11:40,,L,,Y,,,,Y,,20190331,20191026,N
S19,L1716,ARP3,ARP1,12:15,,L,,Y,,Y,,Y,,20190331,20191026,N
S19,L1718,ARP3,ARP1,12:45,,L,Y,,Y,Y,Y,,Y,20190331,20191026,N
S19,L1720,ARP3,ARP1,13:30,,L,Y,Y,Y,Y,Y,Y,Y,20190331,20191026,N
S19,L1722,ARP3,ARP1,15:05,,L,Y,Y,Y,Y,Y,Y,Y,20190331,20191026,N
S19,L1724,ARP3,ARP1,15:50,,L,,Y,,Y,,Y,,20190331,20191026,N
S19,L1726,ARP3,ARP1,16:20,,L,Y,Y,Y,Y,Y,Y,Y,20190331,20191026,N
S19,L1728,ARP3,ARP1,17:05,,L,Y,Y,Y,Y,Y,Y,Y,20190331,20191026,N
S19,L1730,ARP3,ARP1,19:25,,L,,Y,,Y,,Y,,20190331,20191026,N
S19,L1732,ARP3,ARP1,19:55,,L,Y,Y,Y,Y,Y,,Y,20190331,20191026,N
S19,L1734,ARP3,ARP1,20:30,,L,Y,Y,Y,Y,Y,Y,Y,20190418,20191026,N
S19,L1736,ARP3,ARP1,21:05,,L,Y,,Y,,Y,,Y,20190331,20191026,N
S19,J1127,ARP2,ARP1,19:40,20:40,J,Y,Y,Y,Y,Y,Y,,20190401,20191026,N
S19,F1233,ARP1,ARP3,19:45,20:55,F,Y,Y,Y,Y,Y,Y,Y,20190331,20191026,N
S19,F1228,ARP3,ARP1,19:45,20:55,F,Y,Y,Y,Y,Y,Y,Y,20190331,20191026,N
S19,H1208,ARP1,ARP2,19:50,21:05,H,Y,Y,Y,,,,,20190331,20191026,N
S19,A1986,ARP3,ARP1,19:50,21:00,A,Y,Y,Y,Y,Y,Y,Y,20190331,20191026,N
S19,H1208,ARP1,ARP2,19:50,20:30,H,,,,,Y,,,20190331,20191026,N
S19,J1261,ARP3,ARP1,19:50,21:00,J,Y,Y,Y,Y,Y,Y,Y,20190603,20191026,N
S19,J1337,ARP9,ARP1,19:50,20:50,J,,,,,Y,,Y,20190331,20191025,N
S19,H1208,ARP1,ARP2,19:50,20:45,H,,,,,,Y,Y,20190331,20191026,N
S19,J1637,ARP12,ARP1,19:55,20:55,J,,,,,Y,,Y,20190331,20191025,N
S19,B1024,ARP3,ARP1,20:00,21:20,B,Y,,,Y,,,,20190331,20191026,N
S19,J1130,ARP1,ARP2,20:00,21:05,J,Y,,,,,,Y,20190805,20190901,N
S19,B1894,ARP5,ARP1,20:00,21:00,B,Y,Y,Y,Y,Y,Y,Y,20190331,20191026,N
S19,H1126,ARP3,ARP1,20:00,21:10,H,Y,Y,Y,Y,Y,Y,Y,20190331,20191026,N
S19,B1826,ARP2,ARP1,20:00,20:55,B,,,,,Y,,Y,20190331,20191026,N
S19,J1130,ARP1,ARP2,20:00,21:05,J,Y,Y,Y,,,,Y,20190729,20190804,N
S19,J1130,ARP1,ARP2,20:00,21:05,J,Y,,Y,,,,Y,20190902,20191023,N
S19,J1130,ARP1,ARP2,20:00,21:05,J,,Y,,Y,Y,Y,,20190903,20191026,N
S19,J1130,ARP1,ARP2,20:00,21:05,J,,Y,Y,Y,Y,Y,,20190801,20190831,N
S19,J1130,ARP1,ARP2,20:00,21:05,J,,,,,,Y,Y,20190525,20190728,N
S19,J1264,ARP1,ARP3,20:00,21:10,J,,,,,Y,Y,Y,20190531,20190728,N
S19,J1264,ARP1,ARP3,20:00,21:10,J,Y,,,,,,,20190603,20190722,N
S19,J1264,ARP1,ARP3,20:00,21:10,J,Y,,,,,Y,,20190729,20191026,N
S19,L1702,ARP3,ARP1,,9:05,L,Y,Y,Y,Y,Y,Y,Y,20190331,20191026,N
S19,L1704,ARP3,ARP1,,9:35,L,,,Y,,,,,20190331,20191026,N
S19,L1706,ARP3,ARP1,,9:55,L,Y,Y,Y,Y,Y,Y,Y,20190331,20191026,N
S19,L1708,ARP3,ARP1,,11:10,L,Y,Y,Y,Y,Y,Y,Y,20190331,20191026,N
S19,L1710,ARP3,ARP1,,12:15,L,Y,Y,Y,Y,Y,Y,Y,20190331,20191026,N
S19,L1712,ARP3,ARP1,,12:45,L,Y,Y,Y,Y,Y,Y,Y,20190331,20191026,N
S19,L1714,ARP3,ARP1,,12:50,L,,Y,,,,Y,,20190331,20191026,N
S19,L1716,ARP3,ARP1,,13:25,L,,Y,,Y,,Y,,20190331,20191026,N
S19,L1718,ARP3,ARP1,,13:55,L,Y,,Y,Y,Y,,Y,20190331,20191026,N
S19,L1720,ARP3,ARP1,,14:40,L,Y,Y,Y,Y,Y,Y,Y,20190331,20191026,N
S19,L1722,ARP3,ARP1,,16:15,L,Y,Y,Y,Y,Y,Y,Y,20190331,20191026,N
S19,L1724,ARP3,ARP1,,17:00,L,,Y,,Y,,Y,,20190331,20191026,N
S19,L1726,ARP3,ARP1,,17:30,L,Y,Y,Y,Y,Y,Y,Y,20190331,20191026,N
S19,L1728,ARP3,ARP1,,18:15,L,Y,Y,Y,Y,Y,Y,Y,20190331,20191026,N
S19,L1730,ARP3,ARP1,,20:35,L,,Y,,Y,,Y,,20190331,20191026,N
S19,L1732,ARP3,ARP1,,21:05,L,Y,Y,Y,Y,Y,,Y,20190331,20191026,N
S19,L1734,ARP3,ARP1,,21:40,L,Y,Y,Y,Y,Y,Y,Y,20190331,20191026,N
S19,L1736,ARP3,ARP1,,,L,Y,,Y,,Y,,Y,20190331,20191026,N
S19,L1708,ARP3,ARP1,10:00,11:10,L,Y,Y,Y,Y,Y,Y,Y,20190331,20191026,N
S19,L1716,ARP3,ARP1,12:15,13:25,L,,Y,,Y,,Y,,20190331,20191026,N
S19,L1718,ARP3,ARP1,12:45,13:55,L,Y,,Y,Y,Y,,Y,20190331,20191026,N
S19,L1728,ARP3,ARP1,17:05,18:15,L,Y,Y,Y,Y,Y,Y,Y,20190331,20191026,N
S19,L1730,ARP3,ARP1,19:25,20:35,L,,Y,,Y,,Y,,20190331,20191026,N
S19,L1734,ARP3,ARP1,20:30,21:40,L,Y,Y,Y,Y,Y,Y,Y,20190331,20191026,N
S19,J1264,ARP1,ARP3,20:00,21:10,J,,,,,Y,,Y,20190802,20191025,N
S19,J1130,ARP1,ARP2,20:00,21:05,J,Y,Y,Y,Y,Y,,,20190520,20190726,N
S19,B1826,ARP2,ARP1,20:00,20:55,B,Y,Y,Y,Y,,Y,,20190331,20191026,N
S19,J1612,ARP1,ARP5,20:05,21:05,J,,Y,Y,,Y,Y,Y,20190903,20191026,N
S19,J1612,ARP1,ARP5,20:05,21:05,J,Y,,,Y,,,,20190902,20191024,N
S19,J1612,ARP1,ARP5,20:05,21:05,J,,Y,Y,Y,Y,Y,Y,20190730,20190901,N
S19,J1612,ARP1,ARP5,20:05,21:05,J,Y,,,,,,,20190805,20190826,N
S19,J1612,ARP1,ARP5,20:05,21:05,J,Y,,,Y,,,,20190520,20190729,N
S19,J1612,ARP1,ARP5,20:05,21:05,J,,Y,Y,,Y,Y,Y,20190521,20190728,N
S19,J1637,ARP12,ARP1,20:05,21:05,J,Y,Y,Y,Y,,Y,,20190805,20191026,N
S19,J1637,ARP12,ARP1,20:05,21:05,J,,,,Y,,,,20190801,20190801,N
S19,J1637,ARP12,ARP1,20:05,21:05,J,Y,Y,Y,,,Y,,20190729,20190803,N
S19,J1637,ARP12,ARP1,20:05,21:05,J,Y,Y,Y,Y,,Y,,20190520,20190727,N
S19,B1850,ARP4,ARP1,20:05,21:00,B,Y,Y,Y,Y,Y,Y,Y,20190513,20191026,N
S19,B1022,ARP3,ARP1,20:10,21:25,B,,Y,,,Y,,,20190331,20191026,N
S19,A1992,ARP3,ARP1,20:20,21:30,A,Y,Y,Y,Y,Y,Y,Y,20190331,20191026,N
S19,H1208,ARP1,ARP2,20:20,21:35,H,,,,Y,,,,20190331,20190704,N
S19,F1230,ARP3,ARP1,20:25,21:35,F,Y,Y,Y,Y,Y,Y,Y,20190331,20191026,N
S19,J1266,ARP1,ARP3,20:30,21:40,J,,,,,Y,,,20190419,20190726,N
S19,J1263,ARP3,ARP1,20:30,21:40,J,Y,,,,,,,20190401,20191021,N
S19,J1266,ARP1,ARP3,20:30,21:40,J,Y,Y,Y,,,Y,Y,20190826,20191026,N
S19,L1702,ARP1,ARP3,7:55,9:05,L,Y,Y,Y,Y,Y,Y,Y,20190401,20191026,N
S19,L1728,ARP1,ARP3,17:05,18:15,L,Y,Y,Y,Y,Y,Y,Y,20190401,20191026,N
S19,M1352,ARP2,ARP10,15:05,16:05,M,Y,,,,,,,20190401,20191026,N
S19,M1352,ARP2,ARP10,15:30,16:30,M,,,,,,Y,Y,20190401,20191026,N
S19,M1361,ARP10,ARP3,9:30,11:00,M,,,,,,Y,,20190331,20191026,N
S19,M1361,ARP10,ARP3,9:50,11:25,M,Y,Y,Y,Y,,,Y,20190331,20191026,N
S19,M1361,ARP10,ARP3,9:30,11:00,M,,,,,,Y,,20190404,20191026,N
S19,M1361,ARP10,ARP3,9:50,11:25,M,Y,Y,Y,Y,,,Y,20190404,20191026,N
S19,J1825,ARP3,ARP5,11:50,12:55,J,Y,Y,Y,Y,Y,Y,,20190401,20191026,N
S19,J1612,ARP1,ARP5,20:05,21:05,J,Y,Y,Y,Y,Y,Y,Y,20190331,20191026,N
S19,B1891,ARP1,ARP5,7:10,8:10,B,Y,Y,Y,Y,,Y,Y,20190331,20191026,N
S19,B1892,ARP5,ARP1,12:35,13:35,B,,,,,Y,,,20190331,20191026,N
S19,L1704,ARP3,ARP1,8:25,9:35,L,,Y,Y,,,,,20190411,20191027,N
S19,L1704,ARP3,ARP1,8:25,9:35,L,,,Y,,,,,20190411,20191026,N
S19,I1565,ARP2,ARP3,13:35,14:40,I,,Y,,Y,Y,,,20190624,20191026,N
S19,M1362,ARP3,ARP10,12:05,13:25,M,,,,,Y,,,20190701,20190731,N
S19,L1734,ARP1,ARP3,20:30,21:40,L,Y,Y,Y,Y,Y,Y,Y,20190418,20191026,N
S19,J1266,ARP1,ARP3,20:30,21:40,J,Y,Y,Y,,,,,20190805,20190821,N
S19,J1266,ARP1,ARP3,20:30,21:40,J,,,,Y,Y,Y,Y,20190801,20190830,N
S19,B1829,ARP1,ARP2,20:30,21:35,B,Y,Y,Y,Y,Y,Y,Y,20190331,20191026,N
S19,J1266,ARP1,ARP3,20:30,21:40,J,,,,Y,Y,,,20190905,20191025,N
S19,J1266,ARP1,ARP3,20:30,21:40,J,Y,Y,Y,Y,,Y,Y,20190415,20190731,N
S19,J1263,ARP3,ARP1,20:30,21:40,J,,Y,Y,Y,Y,Y,Y,20190331,20191026,N
S19,H1147,ARP1,ARP3,20:35,21:45,H,Y,Y,Y,Y,Y,Y,Y,20190617,20190714,N
S19,H1147,ARP1,ARP3,20:35,21:45,H,Y,Y,Y,Y,Y,Y,Y,20190924,20191013,N
S19,H1147,ARP1,ARP3,20:35,21:45,H,Y,Y,Y,Y,Y,Y,Y,20190716,20190922,N
S19,J1129,ARP2,ARP1,20:40,21:40,J,Y,,,,Y,Y,,20190429,20190802,N
S19,J1129,ARP2,ARP1,20:40,21:40,J,,Y,Y,Y,,,Y,20190430,20190728,N
S19,J1129,ARP2,ARP1,20:40,21:40,J,,Y,Y,Y,,Y,Y,20190730,20190908,N
S19,J1129,ARP2,ARP1,20:40,21:40,J,Y,,,,Y,,,20190805,20190906,N
S19,J1129,ARP2,ARP1,20:40,21:40,J,Y,,,,Y,Y,,20190909,20190920,N
S19,J1129,ARP2,ARP1,20:40,21:40,J,,Y,Y,Y,,,Y,20190910,20190915,N
S19,J1129,ARP2,ARP1,20:40,21:40,J,Y,,,,Y,,,20190923,20191025,N
S19,J1129,ARP2,ARP1,20:40,21:40,J,,Y,Y,Y,,Y,Y,20190917,20191026,N
S19,I1340,ARP3,ARP1,20:45,22:00,I,Y,Y,Y,Y,Y,Y,Y,20190331,20191026,N
S19,L1720,ARP1,ARP3,13:30,14:40,L,Y,Y,Y,Y,Y,Y,Y,20190401,20191026,N
S19,L1736,ARP3,ARP1,21:05,22:15,L,Y,,Y,,Y,,Y,20190401,20191026,N
S19,L1732,ARP1,ARP3,19:55,21:05,L,Y,Y,Y,Y,Y,,Y,20190401,20191026,N
S19,L1730,ARP1,ARP3,19:25,20:35,L,,Y,,Y,,Y,,20190401,20191026,N
S19,L1722,ARP1,ARP3,15:05,16:15,L,Y,Y,Y,Y,Y,Y,Y,20190401,20191026,N
S19,L1710,ARP1,ARP3,11:05,12:15,L,Y,Y,Y,Y,Y,Y,Y,20190401,20191026,N
S19,L1702,ARP3,ARP1,7:55,9:05,L,Y,Y,Y,Y,Y,Y,Y,20190401,20191027,N
S19,L1712,ARP3,ARP1,11:35,12:45,L,Y,Y,Y,Y,Y,Y,Y,20190331,20191026,N
S19,L1714,ARP3,ARP1,11:40,12:50,L,,Y,,,,Y,,20190331,20191026,N
S19,L1724,ARP3,ARP1,15:50,17:00,L,,Y,,Y,,Y,,20190331,20191026,N
S19,L1732,ARP3,ARP1,19:55,21:05,L,Y,Y,Y,Y,Y,,Y,20190331,20191026,N
S19,M1352,ARP2,ARP10,15:25,16:25,M,,,,,Y,,,20190401,20191026,N
S19,M1361,ARP10,ARP3,10:00,11:30,M,,,,,Y,,,20190331,20191026,N
S19,M1361,ARP10,ARP3,10:00,11:30,M,,,,,Y,,,20190404,20191026,N
S19,J1605,ARP5,ARP1,8:50,9:50,J,Y,Y,Y,Y,Y,Y,Y,20190331,20191026,N
S19,B1806F,ARP4,ARP1,21:15,22:15,B,,Y,,,,,,20190603,20191026,Y
S19,A1993,ARP1,ARP3,20:50,22:00,A,Y,Y,Y,Y,,Y,,20190331,20191026,N
S19,J1265,ARP3,ARP1,20:50,22:00,J,,Y,Y,Y,Y,Y,Y,20190604,20191026,N
S19,J1265,ARP3,ARP1,20:50,22:00,J,Y,,,,,,,20190610,20191021,N
S19,H1128,ARP3,ARP1,20:50,22:00,H,Y,Y,Y,Y,Y,Y,Y,20190331,20191026,N
S19,A1994,ARP3,ARP1,20:50,22:00,A,Y,Y,Y,Y,Y,Y,Y,20190331,20191026,N
S19,A1996,ARP3,ARP1,20:55,22:05,A,Y,Y,Y,Y,Y,Y,Y,20190331,20191026,N
S19,J1268,ARP1,ARP3,21:00,22:10,J,Y,,Y,Y,,,,20190902,20191024,N
S19,J1268,ARP1,ARP3,21:00,22:10,J,Y,Y,Y,Y,,Y,Y,20190805,20190829,N
S19,B1828,ARP2,ARP1,21:00,21:55,B,Y,Y,Y,Y,Y,Y,Y,20190331,20191026,N
S19,J1268,ARP1,ARP3,21:00,22:10,J,Y,Y,,Y,Y,,Y,20190428,20190728,N
S19,J1268,ARP1,ARP3,21:00,22:10,J,Y,Y,,Y,,Y,Y,20190729,20190804,N
S19,J1268,ARP1,ARP3,21:00,22:10,J,,Y,,,Y,Y,Y,20190830,20191026,N
S19,J1268,ARP1,ARP3,21:00,22:10,J,,,Y,,Y,,,20190731,20190802,N
S19,J1268,ARP1,ARP3,21:00,22:10,J,,,Y,,,Y,,20190427,20190727,N
S19,J1268,ARP1,ARP3,21:00,22:10,J,,,,,Y,,,20190809,20190823,N
S19,I1336,ARP3,ARP1,21:05,22:15,I,Y,Y,Y,Y,Y,Y,Y,20190331,20191026,N
S19,J1267,ARP3,ARP1,21:05,22:15,J,,,,,Y,Y,Y,20190524,20190728,N
S19,J1267,ARP3,ARP1,21:05,22:15,J,Y,Y,Y,Y,,,,20190520,20190725,N
S19,J1824,ARP5,ARP3,13:35,14:40,J,Y,Y,Y,Y,Y,Y,,20190404,20191026,N
S19,B1891,ARP1,ARP5,6:00,7:00,B,,,,,Y,,,20190331,20191026,N
S19,M1364,ARP3,ARP10,18:45,20:05,M,Y,Y,Y,Y,Y,Y,Y,20190701,20190731,N
S19,H1202,ARP1,ARP2,7:35,8:30,H,,Y,,Y,,Y,,20190705,20191026,N
S19,H1208,ARP1,ARP2,20:20,21:35,H,,,,Y,,,,20190705,20191026,N
S19,H1208,ARP1,ARP2,19:50,21:05,H,,,,Y,,,,20190705,20191026,N
S19,J1535,ARP11,ARP1,9:00,9:55,J,Y,Y,Y,Y,Y,,,20190725,20191025,N
S19,J1535,ARP11,ARP1,10:25,11:20,J,,,,,,Y,Y,20190725,20190803,N
S19,J1534,ARP1,ARP11,8:50,9:45,J,,,,,,Y,Y,20190725,20190803,N
S19,I1557,ARP6,ARP3,16:00,17:10,I,Y,Y,Y,Y,Y,Y,Y,20190331,20191026,N
S19,B1307,ARP5,ARP3,16:00,17:10,B,Y,Y,Y,Y,Y,Y,Y,20190331,20191026,N
S19,H1705,ARP4,ARP3,16:05,17:15,H,Y,Y,Y,Y,Y,Y,Y,20190331,20191026,N
S19,J1810,ARP4,ARP3,16:10,17:15,J,Y,,,Y,,,,20190701,20190729,N
S19,J1834,ARP12,ARP3,16:15,17:15,J,,,,,Y,,Y,20190331,20191025,N
S19,L1807,ARP4,ARP3,16:25,17:30,L,Y,Y,Y,Y,Y,Y,Y,20190331,20191026,N
S19,F1304,ARP3,ARP13,16:25,17:15,F,Y,Y,Y,Y,Y,Y,Y,20190331,20191026,N
S19,J1810,ARP4,ARP3,16:30,17:35,J,Y,,,Y,,,,20190801,20191024,N
S19,J1824,ARP5,ARP3,16:30,17:35,J,,,,,,,Y,20190407,20191020,N
S19,L1905,ARP8,ARP3,16:30,17:15,L,Y,,Y,,Y,,,20190331,20191026,N
S19,A1146,ARP3,ARP8,16:35,17:25,A,Y,Y,Y,Y,Y,Y,Y,20190331,20191026,N
S19,J1813,ARP3,ARP4,16:40,17:45,J,Y,Y,Y,Y,Y,Y,Y,20190331,20191026,N
S19,J1908,ARP8,ARP3,16:45,17:45,J,,Y,,Y,,,,20190730,20190829,N
S19,J1908,ARP8,ARP3,16:45,17:45,J,Y,,Y,,Y,Y,Y,20190729,20190901,N
S19,J1908,ARP8,ARP3,16:45,17:45,J,,Y,,,,,,20190507,20190723,N
S19,J1908,ARP8,ARP3,16:45,17:45,J,Y,Y,Y,Y,Y,Y,Y,20190902,20191026,N
S19,J1908,ARP8,ARP3,16:45,17:45,J,Y,,Y,Y,Y,Y,Y,20190429,20190728,N
S19,H1606,ARP3,ARP8,16:50,17:40,H,Y,Y,Y,Y,Y,Y,Y,20190331,20191026,N
S19,M1363,ARP10,ARP3,16:50,18:10,M,Y,Y,Y,Y,Y,Y,Y,20190901,20191026,N
S19,I1564,ARP3,ARP2,12:50,14:05,I,Y,Y,,Y,Y,,Y,20190624,20191026,N
S19,I1564,ARP3,ARP2,12:40,13:40,I,Y,Y,Y,Y,Y,Y,Y,20190624,20191026,N
S19,J1335,ARP9,ARP1,10:15,11:15,J,Y,Y,Y,Y,,,,20190704,20190731,N
S19,H1503,ARP2,ARP3,8:00,9:00,H,Y,Y,Y,Y,Y,Y,Y,20190705,20191026,N
S19,H1503,ARP2,ARP3,8:00,9:00,H,,Y,,Y,,Y,,20190705,20191026,N
S19,H1201,ARP2,ARP1,7:10,8:05,H,,Y,,Y,,Y,,20190705,20191026,N
S19,H1201,ARP2,ARP1,7:10,8:05,H,Y,Y,Y,Y,Y,Y,Y,20190705,20191026,N
S19,M1363,ARP10,ARP3,16:55,18:15,M,Y,Y,Y,Y,Y,Y,Y,20190701,20190831,N
S19,J1959,ARP3,ARP6,16:55,18:00,J,,Y,,Y,,Y,,20190430,20191026,N
S19,F1703,ARP6,ARP3,17:05,18:05,F,Y,Y,Y,Y,Y,Y,Y,20190331,20191026,N
S19,A1235,ARP6,ARP3,17:10,18:20,A,Y,Y,Y,Y,Y,Y,Y,20190331,20191026,N
S19,I1587,ARP6,ARP3,17:15,18:25,I,Y,Y,Y,Y,Y,Y,Y,20190331,20191026,N
S19,J1960,ARP6,ARP3,17:20,18:25,J,Y,,Y,,Y,,Y,20190403,20191025,N
S19,H1854,ARP3,ARP6,17:20,18:45,H,Y,Y,Y,Y,Y,Y,Y,20190331,20191026,N
S19,I1558,ARP3,ARP6,17:25,18:35,I,Y,Y,Y,Y,Y,Y,Y,20190331,20191026,N
S19,A1128,ARP3,ARP4,17:25,18:30,A,Y,Y,Y,Y,Y,Y,Y,20190331,20191026,N
S19,J1812,ARP4,ARP3,17:35,18:40,J,,Y,,Y,Y,Y,Y,20190531,20191026,N
S19,H1706,ARP3,ARP4,17:35,18:40,H,,Y,Y,Y,,,,20190331,20191026,N
S19,H1706,ARP3,ARP4,17:35,18:35,H,,,,,,Y,,20190331,20191026,N
S19,J1812,ARP4,ARP3,17:35,18:40,J,Y,,Y,,,,,20190415,20191023,N
S19,B1306,ARP3,ARP5,17:45,18:55,B,Y,Y,Y,Y,Y,Y,Y,20190331,20191026,N
S19,A1148,ARP3,ARP8,17:45,18:40,A,Y,Y,Y,Y,Y,Y,Y,20190331,20191026,N
S19,J1911,ARP3,ARP8,17:50,18:50,J,,,,,Y,,,20190809,20191025,N
S19,J1911,ARP3,ARP8,17:50,18:50,J,Y,Y,Y,Y,,Y,Y,20190730,20191026,N
S19,J1911,ARP3,ARP8,17:50,18:50,J,Y,,,,Y,,,20190729,20190802,N
S19,H1202,ARP1,ARP2,6:20,7:35,H,Y,,Y,,Y,,Y,20190705,20191026,N
S19,L1811,ARP4,ARP3,7:40,8:45,L,,Y,,Y,,Y,,20190723,20190831,Y
S19,H1913F,ARP4,ARP7,21:00,21:50,H,,,Y,,,,,20190724,20190807,Y
S19,H1913F,ARP4,ARP7,5:35,6:25,H,,,,,,,Y,20190724,20190807,Y
S19,H1913F,ARP7,ARP4,9:25,10:15,H,,,Y,,,,,20190724,20190807,Y
S19,J1911,ARP3,ARP8,17:50,18:50,J,Y,,,,,,,20190520,20190722,N
S19,J1911,ARP3,ARP8,17:50,18:50,J,,Y,Y,Y,Y,Y,Y,20190521,20190728,N
S19,F1303,ARP13,ARP3,17:55,18:45,F,Y,Y,Y,Y,Y,Y,Y,20190331,20191026,N
S19,B1207,ARP4,ARP3,17:55,18:55,B,Y,Y,Y,Y,Y,Y,Y,20190331,20191026,N
S19,A1147,ARP8,ARP3,18:00,18:55,A,Y,Y,Y,Y,Y,Y,Y,20190331,20191026,N
S19,L1806,ARP3,ARP4,18:05,19:05,L,Y,Y,Y,Y,Y,Y,Y,20190331,20191026,N
S19,L1932,ARP3,ARP7,18:10,19:00,L,Y,Y,Y,Y,Y,Y,Y,20190331,20191026,N
S19,H1706,ARP3,ARP4,18:15,19:10,H,Y,,,,Y,,Y,20190331,20191026,N
S19,J1935,ARP3,ARP9,18:15,19:15,J,,,,,Y,,Y,20190331,20191025,N
S19,J1814,ARP4,ARP3,18:20,19:25,J,Y,Y,Y,Y,Y,Y,Y,20190331,20191026,N
S19,H1605,ARP8,ARP3,18:30,19:20,H,Y,Y,Y,Y,Y,Y,Y,20190331,20191026,N
S19,J1960,ARP6,ARP3,18:40,19:45,J,,Y,,Y,,Y,,20190430,20191026,N
S19,F1704,ARP3,ARP6,18:45,19:45,F,Y,Y,Y,Y,Y,Y,Y,20190331,20191026,N
S19,I1594,ARP3,ARP8,19:05,19:55,I,Y,Y,Y,Y,Y,Y,Y,20190331,20191026,N
S19,L1808,ARP3,ARP4,19:10,20:10,L,Y,Y,Y,Y,Y,Y,Y,20190331,20191026,N
S19,A1129,ARP4,ARP3,19:10,20:15,A,Y,Y,Y,Y,Y,Y,Y,20190331,20191026,N
S19,J1857,ARP3,ARP14,19:10,20:20,J,,Y,,Y,,Y,Y,20190518,20191026,N
S19,I1559,ARP6,ARP3,19:20,20:30,I,Y,Y,Y,Y,Y,Y,Y,20190331,20191026,N
S19,A1149,ARP8,ARP3,19:20,20:15,A,Y,Y,Y,Y,Y,Y,Y,20190331,20191026,N
S19,J1910,ARP8,ARP3,19:25,20:25,J,Y,Y,Y,Y,,Y,Y,20190730,20191026,N
S19,J1910,ARP8,ARP3,19:25,20:25,J,Y,,,,Y,,,20190729,20190802,N
S19,J1910,ARP8,ARP3,19:25,20:25,J,,Y,Y,Y,Y,Y,Y,20190521,20190728,N
S19,J1910,ARP8,ARP3,19:25,20:25,J,Y,,,,,,,20190520,20190722,N
S19,J1910,ARP8,ARP3,19:25,20:25,J,,,,,Y,,,20190809,20191025,N
S19,J1335,ARP9,ARP1,10:15,11:15,J,,,,,,Y,,20190725,20190727,N
S19,J1535,ARP11,ARP1,10:25,11:20,J,,,,,,Y,Y,20190725,20190731,N
S19,H1853,ARP6,ARP3,19:25,20:35,H,Y,Y,Y,Y,Y,Y,Y,20190331,20191026,N
S19,A1182,ARP3,ARP12,19:30,20:20,A,,,,,Y,,Y,20190331,20191026,N
S19,B1206,ARP3,ARP4,19:35,21:00,B,Y,Y,Y,Y,Y,Y,Y,20190331,20191026,N
S19,L1809,ARP4,ARP3,19:35,20:35,L,Y,Y,Y,Y,Y,Y,Y,20190331,20191026,N
S19,J1961,ARP3,ARP6,20:25,21:30,J,,Y,,Y,,Y,,20190402,20191026,N
S19,A1236,ARP3,ARP6,20:35,21:45,A,Y,Y,Y,Y,Y,Y,Y,20190331,20191026,N
S19,I1595,ARP8,ARP3,20:40,21:30,I,Y,Y,Y,Y,Y,Y,Y,20190331,20191026,N
S19,F1705,ARP6,ARP3,20:40,21:40,F,Y,Y,Y,Y,Y,Y,Y,20190331,20191026,N
S19,A1168,ARP3,ARP7,20:50,21:40,A,Y,Y,Y,Y,Y,Y,Y,20190331,20191026,N
S19,A1181,ARP12,ARP3,21:10,22:00,A,,,,,Y,,Y,20190331,20191026,N
S19,L1810,ARP3,ARP4,21:10,22:10,L,Y,Y,Y,Y,Y,Y,Y,20190331,20191026,N
S19,F1706,ARP3,ARP6,21:15,22:25,F,Y,Y,Y,Y,Y,Y,Y,20190331,20191026,N
S19,I1560,ARP3,ARP6,21:30,22:40,I,Y,Y,Y,Y,Y,Y,Y,20190331,20191026,N
S19,J1413,ARP4,ARP15,6:55,8:05,J,Y,,,,Y,,,20190331,20191026,N
S19,J1413,ARP4,ARP15,7:10,8:15,J,,Y,Y,Y,,Y,Y,20190331,20191026,N
S19,J1416,ARP15,ARP4,19:35,20:35,J,Y,Y,Y,Y,Y,Y,Y,20190331,20191026,N
S19,I1564,ARP3,ARP2,12:40,13:40,I,,,Y,,,Y,,20190624,20191026,N
S19,A1533,ARP15,ARP2,6:30,7:30,A,Y,Y,Y,Y,Y,Y,Y,20190331,20191026,N
S19,B1101,ARP2,ARP3,6:50,7:55,B,Y,Y,Y,Y,Y,Y,Y,20190331,20191026,N
S19,A1532,ARP2,ARP15,7:00,8:00,A,Y,Y,Y,Y,Y,Y,Y,20190331,20191026,N
S19,F1901,ARP2,ARP3,7:00,8:00,F,Y,Y,Y,Y,Y,Y,Y,20190331,20191026,N
S19,J1405,ARP2,ARP15,7:05,8:10,J,Y,,,Y,,,,20190701,20190829,N
S19,J1405,ARP2,ARP15,7:05,8:10,J,,Y,Y,,Y,Y,Y,20190702,20190901,N
S19,J1405,ARP2,ARP15,7:05,8:10,J,Y,Y,Y,Y,Y,Y,Y,20190902,20191026,N
S19,J1004,ARP2,ARP3,7:05,8:05,J,Y,Y,Y,Y,Y,Y,Y,20190331,20191026,N
S19,B1107,ARP2,ARP3,7:20,8:35,B,Y,,,,,,Y,20190331,20191026,N
S19,B1107,ARP2,ARP3,7:30,8:35,B,,Y,,,,Y,,20190331,20191026,N
S19,I1561,ARP2,ARP3,7:30,8:35,I,,,,,Y,,,20190513,20191026,N
S19,I1561,ARP2,ARP3,7:30,8:35,I,,Y,,,,,,20190527,20191026,N
S19,J1006,ARP2,ARP3,7:35,8:35,J,Y,,,,Y,Y,Y,20190729,20190804,N
S19,I1561,ARP2,ARP3,7:35,8:35,I,Y,,Y,Y,,Y,Y,20190331,20191026,N
S19,J1006,ARP2,ARP3,7:35,8:35,J,,,,Y,,,,20190808,20191024,N
S19,J1006,ARP2,ARP3,7:35,8:35,J,,Y,Y,Y,Y,Y,,20190604,20190801,N
S19,J1006,ARP2,ARP3,7:35,8:35,J,Y,Y,Y,,Y,Y,Y,20190805,20191026,N
S19,J1006,ARP2,ARP3,7:35,8:35,J,Y,,,,,,Y,20190527,20190728,N
S19,H1913F,ARP7,ARP4,9:05,9:55,H,,,,,,Y,,20190724,20190807,Y
S19,B1107,ARP2,ARP3,7:35,8:35,B,,,Y,Y,Y,,,20190331,20191026,N
S19,B1103,ARP2,ARP3,7:40,8:40,B,,,,,Y,,,20190331,20191026,N
S19,B1133,ARP2,ARP3,7:55,8:55,B,Y,Y,,Y,Y,,Y,20190331,20191026,N
S19,H1522,ARP3,ARP2,8:00,9:00,H,,Y,,,,Y,,20190331,20191026,N
S19,H1503,ARP2,ARP3,8:00,9:00,H,Y,Y,Y,Y,Y,Y,Y,20190331,20190704,N
S19,A1001,ARP2,ARP3,8:05,9:05,A,Y,,,,,,,20190428,20191026,N
S19,J1409,ARP2,ARP15,8:05,9:10,J,,Y,,,,,Y,20190331,20191022,N
S19,J1404,ARP15,ARP2,8:25,9:30,J,Y,Y,Y,Y,Y,Y,Y,20190331,20191026,N
S19,B1100,ARP3,ARP2,8:30,9:30,B,Y,Y,Y,Y,Y,Y,Y,20190331,20191026,N
S19,B1136,ARP3,ARP2,8:40,9:40,B,Y,Y,Y,Y,Y,Y,Y,20190331,20191026,N
S19,A1001,ARP2,ARP3,8:55,9:55,A,,,,,,,Y,20190428,20191026,N
S19,J1005,ARP3,ARP2,9:00,10:00,J,Y,Y,Y,Y,Y,Y,Y,20190331,20191026,N
S19,A1001,ARP2,ARP3,9:00,10:05,A,,,,Y,,,,20190428,20191026,N
S19,B1106,ARP3,ARP2,9:10,10:10,B,,Y,Y,Y,,Y,,20190331,20191026,N
S19,H1505,ARP2,ARP3,9:10,10:10,H,Y,Y,Y,Y,Y,Y,Y,20190331,20191026,N
S19,B1102,ARP3,ARP2,9:15,10:15,B,Y,Y,Y,Y,Y,Y,Y,20190331,20191026,N
S19,B1106,ARP3,ARP2,9:20,10:30,B,,,,,Y,,,20190630,20191026,N
S19,B1106,ARP3,ARP2,9:35,10:30,B,Y,,,,,,Y,20190630,20191026,N
S19,F1904,ARP3,ARP2,10:05,11:05,F,Y,Y,Y,Y,Y,Y,Y,20190331,20191026,N
S19,J1008,ARP2,ARP3,10:10,11:10,J,Y,Y,Y,Y,Y,Y,Y,20190331,20191026,N
S19,I1562,ARP3,ARP2,10:30,11:30,I,Y,Y,Y,Y,Y,Y,Y,20190331,20191026,N
S19,A1006,ARP3,ARP2,10:35,11:40,A,,,,Y,,,,20190428,20191026,N
S19,B1104,ARP3,ARP2,10:40,11:30,B,,,,,Y,,,20190331,20191026,N
S19,B1104,ARP3,ARP2,10:40,11:40,B,,Y,,,,,,20190331,20191026,N
S19,L1720,ARP3,ARP1,13:30,14:40,L,Y,Y,Y,Y,Y,Y,Y,20190331,20191026,N
S19,J1934,ARP9,ARP3,9:05,10:05,J,,,,,,,Y,20190704,20191020,N
S19,H1504,ARP3,ARP2,10:45,11:45,H,Y,Y,Y,Y,Y,Y,Y,20190331,20191026,N
S19,J1407,ARP2,ARP15,10:50,11:55,J,Y,Y,Y,Y,Y,Y,Y,20190331,20191026,N
S19,B1183,ARP2,ARP3,11:45,12:45,B,Y,Y,Y,Y,Y,Y,Y,20190331,20191026,N
S19,B1109,ARP2,ARP3,12:00,13:00,B,Y,Y,Y,Y,Y,Y,Y,20190331,20191026,N
S19,J1007,ARP3,ARP2,12:00,13:00,J,Y,Y,Y,Y,Y,Y,Y,20190331,20191026,N
S19,I1563,ARP2,ARP3,12:05,13:05,I,Y,Y,Y,Y,Y,Y,Y,20190331,20191026,N
S19,H1509,ARP2,ARP3,12:20,13:20,H,Y,Y,Y,Y,Y,Y,Y,20190331,20191026,N
S19,H1506,ARP3,ARP2,12:55,14:00,H,Y,Y,Y,Y,Y,Y,Y,20190331,20191026,N
S19,B1111,ARP2,ARP3,13:20,14:20,B,Y,Y,Y,Y,Y,Y,Y,20190331,20191026,N
S19,B1182,ARP3,ARP2,13:25,14:25,B,Y,Y,Y,Y,Y,Y,Y,20190331,20191026,N
S19,J1409,ARP2,ARP15,13:30,14:35,J,Y,,Y,,Y,Y,,20190401,20191026,N
S19,B1108,ARP3,ARP2,13:30,14:30,B,Y,Y,Y,Y,Y,Y,Y,20190331,20191026,N
S19,I1565,ARP2,ARP3,13:35,14:35,I,,,Y,,,,,20190331,20191026,N
S19,M1351,ARP10,ARP2,13:40,14:30,M,Y,,,,,,,20190331,20191026,N
S19,J1010,ARP2,ARP3,13:50,14:50,J,Y,Y,Y,Y,Y,Y,Y,20190331,20191026,N
S19,M1351,ARP10,ARP2,13:55,14:55,M,,,,,Y,,,20190331,20191026,N
S19,M1351,ARP10,ARP2,14:00,15:00,M,,,,,,Y,Y,20190331,20191026,N
S19,H1508,ARP3,ARP2,14:05,15:00,H,Y,Y,Y,Y,Y,Y,Y,20190331,20191026,N
S19,H1511,ARP2,ARP3,14:30,15:35,H,Y,Y,Y,Y,Y,Y,Y,20190331,20191026,N
S19,A1006,ARP3,ARP2,14:35,15:35,A,,,,,,,Y,20190428,20191026,N
S19,B1115,ARP2,ARP3,14:40,15:40,B,Y,Y,Y,Y,Y,Y,Y,20190331,20191026,N
S19,B1110,ARP3,ARP2,14:55,16:05,B,,,,Y,,,,20190331,20191026,N
S19,B1110,ARP3,ARP2,14:55,16:00,B,Y,Y,Y,,Y,Y,Y,20190331,20191026,N
S19,B1113,ARP2,ARP3,15:00,15:55,B,Y,Y,,,Y,Y,,20190331,20191026,N
S19,B1113,ARP2,ARP3,15:00,15:55,B,,,Y,Y,,,Y,20190331,20191026,N
S19,J1014,ARP2,ARP3,15:05,16:00,J,,Y,,Y,,Y,,20190402,20191026,N
S19,H1201,ARP2,ARP1,7:30,8:25,H,Y,,Y,,Y,,Y,20190705,20191026,N
S19,J1014,ARP2,ARP3,15:10,16:10,J,,,,,Y,,Y,20190331,20191025,N
S19,H1513,ARP2,ARP3,15:30,16:30,H,Y,Y,Y,Y,Y,Y,Y,20190331,20191026,N
S19,H1510,ARP3,ARP2,15:30,16:35,H,Y,Y,,Y,Y,Y,Y,20190331,20191026,N
S19,H1510,ARP3,ARP2,15:30,16:30,H,,,Y,,,,,20190331,20191026,N
S19,A1534,ARP2,ARP15,16:00,17:05,A,,,Y,,,,,20190331,20191026,N
S19,A1534,ARP2,ARP15,16:05,17:00,A,Y,,,,,,,20190716,20191026,N
S19,J1016,ARP2,ARP3,16:20,17:20,J,,Y,,Y,,Y,,20190402,20191026,N
S19,A1534,ARP2,ARP15,16:30,17:30,A,,,,Y,Y,,Y,20190331,20191026,N
S19,B1112,ARP3,ARP2,16:30,17:30,B,Y,Y,,,Y,Y,,20190331,20191026,N
S19,A1534,ARP2,ARP15,16:30,17:30,A,Y,,,,,,,20190331,20190715,N
S19,B1112,ARP3,ARP2,16:30,17:30,B,,,Y,Y,,,Y,20190331,20191026,N
S19,J1411,ARP2,ARP15,16:30,17:40,J,Y,Y,Y,Y,Y,Y,Y,20190601,20191026,N
S19,B1132,ARP3,ARP2,16:45,17:50,B,Y,,Y,Y,,Y,Y,20190331,20191026,N
S19,J1009,ARP3,ARP2,16:50,17:50,J,,,,,Y,,Y,20190331,20191025,N
S19,H1525,ARP2,ARP3,16:55,17:55,H,,Y,,,,Y,,20190331,20191026,N
S19,B1173,ARP2,ARP3,17:00,18:05,B,Y,,,,Y,Y,,20190331,20191026,N
S19,B1117,ARP2,ARP3,17:00,18:00,B,,,,,,Y,Y,20190331,20191026,N
S19,I1566,ARP3,ARP2,17:05,18:05,I,,,,Y,,,,20190331,20191026,N
S19,B1117,ARP2,ARP3,17:05,18:00,B,Y,,Y,Y,,,,20190331,20191026,N
S19,H1515,ARP2,ARP3,17:05,18:00,H,Y,Y,Y,Y,Y,Y,Y,20190331,20191026,N
S19,J1408,ARP15,ARP2,17:15,18:20,J,Y,Y,Y,Y,Y,Y,Y,20190331,20191026,N
S19,I1566,ARP3,ARP2,17:25,18:25,I,Y,Y,Y,,Y,Y,Y,20190331,20191026,N
S19,B1135,ARP2,ARP3,17:30,18:30,B,,,Y,,,,,20190331,20191026,N
S19,B1135,ARP2,ARP3,17:35,18:30,B,Y,Y,,,Y,Y,,20190331,20191026,N
S19,J1011,ARP3,ARP2,17:40,18:40,J,Y,Y,Y,Y,Y,Y,Y,20190331,20191026,N
S19,B1139,ARP2,ARP3,17:55,18:55,B,Y,Y,Y,Y,,Y,Y,20190331,20191026,N
S19,L1712,ARP1,ARP3,11:35,12:45,L,Y,Y,Y,Y,Y,Y,Y,20190401,20191026,N
S19,L1710,ARP3,ARP1,11:05,12:15,L,Y,Y,Y,Y,Y,Y,Y,20190331,20191026,N
S19,L1812,ARP3,ARP4,11:00,12:00,L,,Y,,Y,,Y,,20190723,20190831,Y
S19,L1814,ARP3,ARP4,17:55,18:55,L,,,,,Y,,,20190723,20190831,Y
S19,L1726,ARP1,ARP3,16:20,17:30,L,Y,Y,Y,Y,Y,Y,Y,20190401,20191026,N
S19,J1013,ARP3,ARP2,18:00,19:00,J,,Y,,Y,,Y,,20190402,20191026,N
S19,J1406,ARP15,ARP2,18:25,19:30,J,Y,Y,,Y,Y,Y,Y,20190331,20191026,N
S19,A1534,ARP2,ARP15,18:30,19:30,A,,Y,,,,Y,,20190331,20191026,N
S19,I1567,ARP2,ARP3,18:30,19:45,I,,,,Y,,,,20190331,20191026,N
S19,H1514,ARP3,ARP2,18:30,19:25,H,Y,Y,Y,Y,Y,Y,Y,20190331,20191026,N
S19,J1018,ARP2,ARP3,18:30,19:30,J,,,,,Y,,Y,20190331,20191025,N
S19,B1116,ARP3,ARP2,18:35,19:35,B,,,,,,Y,Y,20190331,20191026,N
S19,B1116,ARP3,ARP2,18:35,19:30,B,Y,,Y,Y,,,,20190331,20191026,N
S19,I1568,ARP3,ARP2,18:40,19:30,I,,,Y,,,,,20190331,20191026,N
S19,B1172,ARP3,ARP2,18:40,19:40,B,,,,,Y,Y,,20190331,20191026,N
S19,B1172,ARP3,ARP2,18:40,19:30,B,Y,,,,,,,20190331,20191026,N
S19,I1567,ARP2,ARP3,19:00,19:55,I,Y,Y,Y,,Y,Y,Y,20190331,20191026,N
S19,B1134,ARP3,ARP2,19:05,20:05,B,,,,,,Y,,20190331,20191026,N
S19,I1568,ARP3,ARP2,19:05,20:00,I,Y,Y,,Y,Y,,,20190331,20191026,N
S19,I1568,ARP3,ARP2,19:05,20:05,I,,,,,,,Y,20190331,20191026,N
S19,B1134,ARP3,ARP2,19:05,20:00,B,,,Y,,,,,20190331,20191026,N
S19,I1568,ARP3,ARP2,19:10,20:10,I,,,,,,Y,,20190331,20191026,N
S19,J1020,ARP2,ARP3,19:10,20:10,J,Y,Y,Y,Y,Y,Y,Y,20190331,20191026,N
S19,A1531,ARP15,ARP2,19:20,20:20,A,Y,Y,Y,Y,Y,Y,Y,20190331,20191026,N
S19,J1410,ARP15,ARP2,19:35,20:40,J,,,Y,,,,Y,20190529,20190828,N
S19,J1410,ARP15,ARP2,19:35,20:40,J,Y,Y,,Y,Y,Y,,20190527,20190824,N
S19,B1138,ARP3,ARP2,19:35,20:30,B,Y,Y,Y,Y,,Y,Y,20190331,20191026,N
S19,J1410,ARP15,ARP2,19:35,20:40,J,Y,Y,,Y,Y,Y,Y,20190826,20190901,N
S19,J1410,ARP15,ARP2,19:35,20:40,J,Y,Y,Y,Y,Y,Y,Y,20190902,20191026,N
S19,A1002,ARP3,ARP2,19:40,20:30,A,Y,,,,,,,20190428,20191026,N
S19,B1131,ARP2,ARP3,19:45,20:45,B,,,Y,,,Y,Y,20190331,20191026,N
S19,B1118,ARP3,ARP2,19:55,21:05,B,,Y,Y,,Y,Y,Y,20190331,20191026,N
S19,L1716,ARP1,ARP3,12:15,13:25,L,,Y,,Y,,Y,,20190401,20191026,N
S19,I1565,ARP2,ARP3,14:00,15:00,I,Y,,,,,,Y,20190624,20191026,N
S19,J1934,ARP9,ARP3,9:05,10:05,J,,,,,Y,,,20190704,20191018,N
S19,J1015,ARP3,ARP2,20:00,21:05,J,,,,Y,,,,20190801,20190829,N
S19,J1015,ARP3,ARP2,20:00,21:05,J,,,Y,Y,,,,20190904,20191024,N
S19,J1015,ARP3,ARP2,20:00,21:05,J,,,Y,,,,,20190807,20190828,N
S19,J1015,ARP3,ARP2,20:00,21:00,J,Y,Y,,,Y,Y,Y,20190805,20191026,N
S19,J1015,ARP3,ARP2,20:00,21:00,J,Y,,,,,,,20190520,20190729,N
S19,J1015,ARP3,ARP2,20:00,21:05,J,,,Y,Y,,,,20190522,20190731,N
S19,J1015,ARP3,ARP2,20:00,21:00,J,,Y,,,Y,Y,Y,20190521,20190804,N
S19,H1516,ARP3,ARP2,20:05,21:05,H,Y,Y,Y,Y,Y,Y,Y,20190331,20191026,N
S19,J1017,ARP3,ARP2,20:30,21:30,J,,,,,,,Y,20190331,20191020,N
S19,J1017,ARP3,ARP2,20:30,21:35,J,,,,,Y,,,20190405,20191025,N
S19,J1019,ARP3,ARP2,20:45,21:45,J,Y,,Y,,Y,,,20190520,20191025,N
S19,J1021,ARP3,ARP2,21:05,22:05,J,Y,Y,Y,Y,,Y,,20190527,20190727,N
S19,J1021,ARP3,ARP2,21:05,22:05,J,,,,,Y,,Y,20190531,20190802,N
S19,J1021,ARP3,ARP2,21:05,22:05,J,Y,Y,Y,Y,,Y,Y,20190729,20191026,N
S19,J1021,ARP3,ARP2,21:05,22:05,J,,,,,Y,,,20190809,20191025,N
S19,L1801,ARP4,ARP3,6:20,7:20,L,Y,Y,Y,Y,Y,Y,Y,20190331,20191026,N
S19,A1161,ARP7,ARP3,6:20,7:10,A,Y,Y,Y,Y,Y,Y,Y,20190331,20191026,N
S19,L1803,ARP4,ARP3,6:30,7:30,L,,,Y,,,,,20190331,20191026,N
S19,L1931,ARP7,ARP3,6:40,7:30,L,Y,Y,Y,Y,Y,Y,Y,20190331,20191026,N
S19,A1231,ARP6,ARP3,6:55,8:00,A,Y,Y,Y,Y,Y,Y,Y,20190331,20191026,N
S19,J1803,ARP3,ARP4,7:00,8:05,J,Y,,,Y,,,,20190520,20191024,N
S19,I1592,ARP3,ARP8,7:20,8:10,I,Y,Y,Y,Y,Y,Y,Y,20190331,20190831,N
S19,I1551,ARP6,ARP3,7:25,8:35,I,Y,Y,Y,Y,Y,Y,Y,20190331,20191026,N
S19,J1805,ARP3,ARP4,7:35,8:40,J,,,Y,Y,Y,Y,Y,20190605,20191026,N
S19,J1805,ARP3,ARP4,7:35,8:40,J,Y,Y,,,,,,20190429,20191022,N
S19,F1701,ARP6,ARP3,7:50,8:50,F,Y,Y,Y,Y,Y,Y,Y,20190331,20191026,N
S19,H1852,ARP3,ARP6,7:55,9:05,H,Y,Y,Y,Y,Y,Y,Y,20190922,20191011,N
S19,H1852,ARP3,ARP6,7:55,9:05,H,Y,Y,Y,Y,Y,Y,Y,20190714,20190920,N
S19,H1852,ARP3,ARP6,7:55,9:05,H,Y,Y,Y,Y,Y,Y,Y,20190615,20190712,N
S19,F1702,ARP3,ARP6,8:00,9:00,F,Y,Y,Y,Y,Y,Y,Y,20190331,20191026,N
S19,L1802,ARP3,ARP4,8:00,8:55,L,,,Y,,,,,20190331,20191026,N
S19,A1120,ARP3,ARP4,8:00,9:00,A,Y,Y,,Y,Y,Y,Y,20190331,20191026,N
S19,L1902,ARP3,ARP8,8:05,8:55,L,Y,Y,Y,Y,Y,Y,Y,20190331,20191026,N
S19,A1120,ARP3,ARP4,8:05,9:05,A,,,Y,,,,,20190331,20191026,N
S19,J1954,ARP6,ARP3,8:20,9:25,J,Y,Y,Y,Y,Y,Y,Y,20190331,20191026,N
S19,H1602,ARP3,ARP8,8:20,9:10,H,Y,Y,Y,Y,Y,Y,Y,20190331,20191026,N
S19,L1802,ARP3,ARP4,8:25,9:25,L,Y,Y,,Y,Y,Y,Y,20190331,20191026,N
S19,H1701,ARP4,ARP3,8:30,10:05,H,Y,Y,Y,Y,,,,20190331,20190808,N
S19,H1701,ARP4,ARP3,8:30,9:35,H,Y,Y,Y,Y,,,,20190809,20191026,N
S19,B1201,ARP4,ARP3,8:35,9:40,B,,Y,Y,Y,,Y,,20190331,20191026,N
S19,A1140,ARP3,ARP8,8:35,9:25,A,Y,Y,Y,Y,Y,Y,Y,20190331,20191026,N
S19,J1905,ARP3,ARP8,8:40,9:35,J,Y,Y,Y,Y,Y,Y,Y,20190331,20191026,N
S19,I1593,ARP8,ARP3,8:45,9:35,I,Y,Y,Y,Y,Y,Y,Y,20190331,20190831,N
S19,H1701,ARP4,ARP3,8:50,10:05,H,,,,,Y,Y,Y,20190331,20191026,N
S19,B1301,ARP5,ARP3,8:50,9:55,B,Y,,Y,Y,,Y,Y,20190331,20191026,N
S19,J1856,ARP14,ARP3,8:50,10:00,J,Y,,Y,,Y,,Y,20190519,20191025,N
S19,L1803,ARP4,ARP3,8:55,9:55,L,Y,,,,Y,,Y,20190331,20191026,N
S19,L1803,ARP4,ARP3,9:00,9:55,L,,Y,,Y,,Y,,20190331,20191026,N
S19,B1301,ARP5,ARP3,9:05,10:05,B,,Y,,,,,,20190331,20191026,N
S19,J1934,ARP9,ARP3,9:05,10:05,J,,,,,,,Y,20190331,20190703,N
S19,J1934,ARP9,ARP3,9:05,10:05,J,,,,,Y,,,20190405,20190703,N
S19,I1552,ARP3,ARP6,9:10,10:20,I,Y,Y,Y,Y,Y,Y,Y,20190331,20191026,N
S19,J1807,ARP3,ARP4,9:15,10:20,J,,,,Y,,,,20190808,20191024,N
S19,J1807,ARP3,ARP4,9:15,10:20,J,Y,Y,Y,,Y,Y,Y,20190805,20191026,N
S19,J1807,ARP3,ARP4,9:15,10:20,J,Y,,,,Y,Y,Y,20190729,20190804,N
S19,J1807,ARP3,ARP4,9:15,10:20,J,,Y,Y,Y,Y,Y,Y,20190521,20190801,N
S19,J1807,ARP3,ARP4,9:15,10:20,J,Y,,,,,,,20190520,20190722,N
S19,B1200,ARP3,ARP4,9:25,10:40,B,Y,,,,,,Y,20190331,20191026,N
S19,I1582,ARP3,ARP6,9:30,10:40,I,Y,Y,Y,Y,Y,Y,Y,20190331,20191026,N
S19,J1806,ARP4,ARP3,9:30,10:35,J,,,Y,Y,Y,Y,Y,20190501,20191026,N
S19,L1726,ARP3,ARP1,16:20,17:30,L,Y,Y,Y,Y,Y,Y,Y,20190331,20191026,N
S19,L1736,ARP3,ARP1,21:05,22:15,L,Y,,Y,,Y,,Y,20190331,20191026,N
S19,B1201,ARP4,ARP3,7:30,8:30,B,Y,,,,Y,,Y,20190430,20191026,N
S19,B1853,ARP1,ARP4,7:30,8:25,B,,,Y,,,,,20190603,20191026,Y
S19,I1565,ARP2,ARP3,14:05,15:00,I,Y,Y,,Y,Y,Y,Y,20190624,20191026,N
S19,H1202,ARP1,ARP2,7:35,8:30,H,Y,Y,Y,Y,Y,Y,Y,20190705,20191026,N
S19,L1811,ARP4,ARP3,7:40,8:45,L,,Y,,Y,,Y,,20190723,20190831,Y
S19,J1806,ARP4,ARP3,9:30,10:35,J,Y,Y,,,,,,20190429,20191022,N
S19,I1592,ARP3,ARP8,9:30,10:20,I,Y,Y,Y,Y,Y,Y,Y,20190901,20191026,N
S19,A1121,ARP4,ARP3,9:30,10:30,A,Y,Y,Y,Y,Y,Y,Y,20190331,20191026,N
S19,L1901,ARP8,ARP3,9:30,10:25,L,Y,Y,,Y,Y,Y,Y,20190331,20191026,N
S19,F1302,ARP3,ARP13,9:30,10:25,F,Y,Y,Y,Y,Y,Y,Y,20190331,20191026,N
S19,L1901,ARP8,ARP3,9:30,10:20,L,,,Y,,,,,20190331,20191026,N
S19,H1802,ARP3,ARP6,9:35,10:45,H,Y,Y,Y,Y,Y,Y,Y,20190331,20191026,N
S19,L1805,ARP4,ARP3,9:35,10:35,L,,,Y,,,,,20190331,20191026,N
S19,B1200,ARP3,ARP4,9:35,10:40,B,,,,,Y,,,20190331,20191026,N
S19,A1141,ARP8,ARP3,9:55,10:45,A,Y,Y,Y,Y,Y,Y,Y,20190331,20191026,N
S19,J1955,ARP3,ARP6,10:05,11:10,J,Y,Y,Y,Y,Y,Y,Y,20190331,20191026,N
S19,L1805,ARP4,ARP3,10:05,11:05,L,Y,Y,,Y,Y,Y,Y,20190331,20191026,N
S19,J1904,ARP8,ARP3,10:10,11:00,J,Y,Y,Y,Y,Y,Y,Y,20190331,20191026,N
S19,H1851,ARP6,ARP3,10:10,11:20,H,Y,Y,Y,Y,Y,Y,Y,20190922,20191011,N
S19,H1851,ARP6,ARP3,10:10,11:20,H,Y,Y,Y,Y,Y,Y,Y,20190615,20190712,N
S19,H1851,ARP6,ARP3,10:10,11:20,H,Y,Y,Y,Y,Y,Y,Y,20190714,20190920,N
S19,A1196,ARP3,ARP9,10:15,11:05,A,Y,Y,Y,Y,Y,Y,Y,20190331,20191026,N
S19,H1601,ARP8,ARP3,10:15,11:05,H,Y,Y,Y,Y,Y,Y,Y,20190331,20191026,N
S19,L1706,ARP1,ARP3,8:45,9:55,L,Y,Y,Y,Y,Y,Y,Y,20190401,20191026,N
S19,L1724,ARP1,ARP3,15:50,17:00,L,,Y,,Y,,Y,,20190401,20191026,N
S19,L1708,ARP1,ARP3,10:00,11:10,L,Y,Y,Y,Y,Y,Y,Y,20190401,20191026,N
S19,L1706,ARP3,ARP1,8:45,9:55,L,Y,Y,Y,Y,Y,Y,Y,20190401,20191027,N
S19,L1722,ARP3,ARP1,15:05,16:15,L,Y,Y,Y,Y,Y,Y,Y,20190331,20191026,N
S19,B1891,ARP1,ARP5,7:10,8:10,B,,,,,Y,,,20190501,20191026,N
S19,M1362,ARP3,ARP10,11:30,12:50,M,,,,,,Y,,20190701,20190731,N
S19,J1534,ARP1,ARP11,8:50,9:45,J,,,,,,Y,Y,20190725,20190731,N
S19,B1200,ARP3,ARP4,10:20,11:25,B,,Y,Y,Y,,Y,,20190331,20191026,N
S19,B1300,ARP3,ARP5,10:40,11:40,B,Y,,Y,Y,,Y,Y,20190331,20191026,N
S19,I1584,ARP3,ARP6,10:45,11:55,I,Y,Y,Y,Y,Y,Y,Y,20190331,20191026,N
S19,B1300,ARP3,ARP5,10:50,11:50,B,,Y,,,,,,20190331,20191026,N
S19,L1904,ARP3,ARP8,10:50,11:40,L,Y,Y,Y,Y,Y,Y,Y,20190331,20191026,N
S19,F1301,ARP13,ARP3,10:55,11:50,F,Y,Y,Y,Y,Y,Y,Y,20190331,20191026,N
S19,I1553,ARP6,ARP3,10:55,12:05,I,Y,Y,Y,Y,Y,Y,Y,20190331,20191026,N
S19,J1808,ARP4,ARP3,11:00,12:05,J,Y,,,,,,,20190520,20190722,N
S19,J1808,ARP4,ARP3,11:00,12:05,J,,Y,Y,Y,Y,Y,Y,20190521,20190801,N
S19,J1808,ARP4,ARP3,11:00,12:05,J,Y,,,,Y,Y,Y,20190729,20190804,N
S19,J1808,ARP4,ARP3,11:00,12:05,J,Y,Y,Y,,Y,Y,Y,20190805,20191026,N
S19,J1808,ARP4,ARP3,11:00,12:05,J,,,,Y,,,,20190808,20191024,N
S19,A1142,ARP3,ARP8,11:10,12:05,A,Y,Y,Y,Y,Y,Y,Y,20190331,20191026,N
S19,I1593,ARP8,ARP3,11:15,12:05,I,Y,Y,Y,Y,Y,Y,Y,20190901,20191026,N
S19,H1801,ARP6,ARP3,11:15,12:20,H,Y,Y,Y,Y,Y,Y,Y,20190331,20191026,N
S19,J1855,ARP3,ARP14,11:15,12:25,J,,Y,Y,,Y,,,20190517,20191025,N
S19,J1855,ARP3,ARP14,11:15,12:25,J,Y,,,Y,,Y,Y,20190518,20191026,N
S19,A1232,ARP3,ARP6,11:20,12:25,A,Y,Y,Y,Y,Y,Y,Y,20190331,20191026,N
S19,I1583,ARP6,ARP3,11:25,12:35,I,Y,Y,Y,Y,Y,Y,Y,20190331,20191026,N
S19,A1124,ARP3,ARP4,11:40,12:45,A,Y,Y,Y,Y,Y,Y,Y,20190331,20191026,N
S19,A1197,ARP9,ARP3,11:45,12:35,A,Y,Y,Y,Y,Y,Y,Y,20190331,20191026,N
S19,J1956,ARP6,ARP3,11:50,12:55,J,,Y,,Y,,Y,,20190402,20191026,N
S19,J1907,ARP3,ARP8,11:50,12:50,J,Y,,Y,,,,,20190415,20191023,N
S19,J1907,ARP3,ARP8,11:50,12:50,J,,Y,,Y,Y,Y,Y,20190416,20191026,N
S19,J1825,ARP3,ARP5,11:50,12:55,J,,Y,,Y,Y,Y,,20190416,20191026,N
S19,J1825,ARP3,ARP5,11:50,12:55,J,Y,,Y,,,,,20190415,20191023,N
S19,L1903,ARP8,ARP3,12:10,12:55,L,Y,Y,Y,Y,Y,Y,Y,20190331,20191026,N
S19,I1585,ARP6,ARP3,12:30,13:40,I,Y,Y,Y,Y,Y,Y,Y,20190331,20191026,N
S19,J1957,ARP3,ARP6,12:30,13:35,J,Y,,Y,,Y,,Y,20190331,20191025,N
S19,A1143,ARP8,ARP3,12:45,13:40,A,Y,Y,Y,Y,Y,Y,Y,20190331,20191026,N
S19,A1233,ARP6,ARP3,12:55,14:00,A,Y,Y,Y,Y,Y,Y,Y,20190331,20191026,N
S19,J1835,ARP3,ARP12,13:00,14:00,J,Y,,,,,,,20190520,20191021,N
S19,J1809,ARP3,ARP4,13:00,14:05,J,,Y,,,,,,20190903,20191022,N
S19,A1144,ARP3,ARP8,13:10,14:05,A,Y,Y,Y,Y,Y,Y,Y,20190331,20191026,N
S19,J1854,ARP14,ARP3,13:20,14:30,J,Y,,,Y,,Y,Y,20190518,20191026,N
S19,J1854,ARP14,ARP3,13:20,14:30,J,,Y,Y,,Y,,,20190517,20191025,N
S19,J1935,ARP3,ARP9,13:25,14:25,J,,,,,,Y,,20190525,20191026,N
S19,L1906,ARP3,ARP8,13:25,14:15,L,,Y,,Y,,Y,Y,20190331,20191026,N
S19,A1125,ARP4,ARP3,13:25,14:30,A,Y,Y,Y,Y,Y,Y,Y,20190331,20191026,N
S19,J1906,ARP8,ARP3,13:25,14:25,J,,Y,,Y,Y,Y,Y,20190416,20191026,N
S19,J1906,ARP8,ARP3,13:25,14:25,J,Y,,Y,,,,,20190415,20191023,N
S19,J1957,ARP3,ARP6,13:25,14:30,J,,Y,,Y,,Y,,20190402,20191026,N
S19,J1935,ARP3,ARP9,13:25,14:25,J,Y,Y,Y,Y,,,,20190520,20191024,N
S19,B1851,ARP1,ARP4,6:50,7:50,B,Y,Y,Y,Y,Y,Y,Y,20190515,20191026,N
S19,J1824,ARP5,ARP3,13:35,14:40,J,,Y,,Y,Y,Y,,20190416,20191026,N
S19,J1824,ARP5,ARP3,13:35,14:40,J,Y,,Y,,,,,20190415,20191023,N
S19,J1921,ARP3,ARP13,13:40,14:45,J,,,,,,Y,,20190511,20191026,N
S19,J1921,ARP3,ARP13,13:40,14:45,J,Y,Y,Y,Y,Y,,Y,20190429,20191025,N
S19,I1554,ARP3,ARP6,14:15,15:25,I,Y,Y,Y,Y,Y,Y,Y,20190331,20191026,N
S19,J1956,ARP6,ARP3,14:15,15:20,J,Y,,Y,,Y,,Y,20190331,20191025,N
S19,H1704,ARP3,ARP4,14:25,15:30,H,Y,Y,Y,Y,Y,Y,Y,20190331,20191026,N
S19,A1198,ARP3,ARP9,14:35,15:25,A,Y,Y,Y,Y,Y,Y,Y,20190331,20191026,N
S19,J1835,ARP3,ARP12,14:35,15:35,J,,,,,Y,,Y,20190331,20191025,N
S19,J1825,ARP3,ARP5,14:40,15:45,J,,,,,,,Y,20190407,20191020,N
S19,J1834,ARP12,ARP3,14:40,15:40,J,Y,,,,,,,20190520,20191021,N
S19,A1145,ARP8,ARP3,14:40,15:30,A,Y,Y,Y,Y,Y,Y,Y,20190331,20191026,N
S19,L1804,ARP3,ARP4,14:45,15:50,L,Y,Y,Y,Y,Y,Y,Y,20190331,20191026,N
S19,L1905,ARP8,ARP3,14:45,15:30,L,,Y,,Y,,Y,Y,20190331,20191026,N
S19,J1810,ARP4,ARP3,14:55,16:00,J,,Y,,,,,,20190903,20191022,N
S19,J1934,ARP9,ARP3,15:00,16:00,J,,,,,,Y,,20190525,20191026,N
S19,J1934,ARP9,ARP3,15:00,16:00,J,Y,Y,Y,Y,,,,20190520,20191024,N
S19,B1851,ARP1,ARP4,6:50,7:50,B,,,Y,,,,,20190618,20191026,N
S19,B1851,ARP1,ARP4,7:00,8:00,B,,,Y,,,,,20190619,20191026,N
S19,L1906,ARP3,ARP8,15:05,15:55,L,Y,,Y,,Y,,,20190331,20191026,N
S19,J1811,ARP3,ARP4,15:05,16:10,J,,Y,,Y,Y,Y,Y,20190601,20191026,N
S19,J1811,ARP3,ARP4,15:05,16:10,J,Y,,Y,,,,,20190603,20191023,N
S19,J1909,ARP3,ARP8,15:10,16:10,J,Y,Y,Y,Y,Y,Y,Y,20190902,20191026,N
S19,J1909,ARP3,ARP8,15:10,16:10,J,,Y,,Y,,,,20190730,20190829,N
S19,J1909,ARP3,ARP8,15:10,16:10,J,Y,,Y,,Y,Y,Y,20190729,20190901,N
S19,J1909,ARP3,ARP8,15:10,16:10,J,Y,,Y,Y,Y,Y,Y,20190429,20190728,N
S19,J1909,ARP3,ARP8,15:10,16:10,J,,Y,,,,,,20190507,20190723,N
S19,A1234,ARP3,ARP6,15:10,16:15,A,Y,Y,Y,Y,Y,Y,Y,20190331,20191026,N
S19,J1958,ARP6,ARP3,15:10,16:15,J,,Y,,Y,,Y,,20190402,20191026,N
S19,I1586,ARP3,ARP6,15:25,16:35,I,Y,Y,Y,Y,Y,Y,Y,20190331,20191026,N
S19,J1920,ARP13,ARP3,15:25,16:25,J,Y,Y,Y,Y,Y,,Y,20190429,20191025,N
S19,J1920,ARP13,ARP3,15:25,16:25,J,,,,,,Y,,20190511,20191026,N
S19,J1959,ARP3,ARP6,15:30,16:40,J,Y,,Y,,Y,,Y,20190403,20191025,N
S19,A1199,ARP9,ARP3,16:00,16:50,A,Y,Y,Y,Y,Y,Y,Y,20190331,20191026,N
